市区町村名,ハイパーリンク,リニューアル日
北海道,https://www.pref.hokkaido.lg.jp/,2021/7/3
札幌市,https://www.city.sapporo.jp/,2026/11/30
函館市,https://www.city.hakodate.hokkaido.jp/,2024/1/28
小樽市,https://www.city.otaru.lg.jp/,2021/3/22
旭川市,https://www.city.asahikawa.hokkaido.jp/,2024/3/1
室蘭市,https://www.city.muroran.lg.jp/,2024/6/26
釧路市,https://www.city.kushiro.lg.jp/,2022/9/29
帯広市,https://www.city.obihiro.hokkaido.jp/,2021/1/25
北見市,https://www.city.kitami.lg.jp/,2021/4/1
夕張市,https://www.city.yubari.lg.jp/,2024/3/26
岩見沢市,https://www.city.iwamizawa.hokkaido.jp/,2022/4/1
網走市,https://www.city.abashiri.hokkaido.jp/,2024/3/5
留萌市,https://www.e-rumoi.jp/,2016/3/31
苫小牧市,https://www.city.tomakomai.hokkaido.jp/,2020/12/10
稚内市,https://www.city.wakkanai.hokkaido.jp/,2025/1/28
美唄市,https://www.city.bibai.hokkaido.jp/,2021/8/26
芦別市,https://www.city.ashibetsu.hokkaido.jp/,2019/3/27
江別市,https://www.city.ebetsu.hokkaido.jp/,2019/3/27
赤平市,https://www.city.akabira.hokkaido.jp/,2020/1/27
紋別市,https://mombetsu.jp/,2023/2/1
士別市,https://www.city.shibetsu.lg.jp/,2023/2/15
名寄市,http://www.city.nayoro.lg.jp/,2015/4/1
三笠市,https://www.city.mikasa.hokkaido.jp/,2011/12/1
根室市,https://www.city.nemuro.hokkaido.jp/,2018/3/1
千歳市,https://www.city.chitose.lg.jp/,2017/4/1
滝川市,https://www.city.takikawa.lg.jp/,2024/2/28
砂川市,https://www.city.sunagawa.hokkaido.jp/,2016/3/1
歌志内市,https://www.city.utashinai.hokkaido.jp/,2022/4/1
深川市,https://www.city.fukagawa.lg.jp/,2021/4/1
富良野市,https://www.city.furano.hokkaido.jp/,2022/4/1
登別市,https://www.city.noboribetsu.lg.jp/,2023/12/27
恵庭市,https://www.city.eniwa.hokkaido.jp/,2019/3/28
伊達市,https://www.city.date.hokkaido.jp/,2019/3/1
北広島市,https://www.city.kitahiroshima.hokkaido.jp/,2023/3/24
石狩市,https://www.city.ishikari.hokkaido.jp/,2025/3/24
北斗市,https://www.city.hokuto.hokkaido.jp/,2017/3/25
当別町,https://www.town.tobetsu.hokkaido.jp/,2022/3/29
新篠津村,https://www.vill.shinshinotsu.hokkaido.jp/,2022/9/28
松前町,https://www.town.matsumae.hokkaido.jp/,2026/2/2
福島町,https://www.town.fukushima.hokkaido.jp/,2024/3/31
知内町,https://www.town.shiriuchi.hokkaido.jp/,2017/3/21
木古内町,https://www.town.kikonai.hokkaido.jp/,2017/4/3
七飯町,https://www.town.nanae.hokkaido.jp/,2021/1/14
鹿部町,https://www.town.shikabe.lg.jp/,2022/4/1
森町,https://www.town.hokkaido-mori.lg.jp/,2025/4/1
八雲町,https://www.town.yakumo.lg.jp/,2019/4/1
長万部町,https://www.town.oshamambe.lg.jp/,2021/7/1
江差町,https://www.hokkaido-esashi.jp/,2014/4/1
上ノ国町,https://www.town.kaminokuni.lg.jp/,2018/4/1
厚沢部町,https://www.town.assabu.lg.jp/,2023/2/28
乙部町,https://www.town.otobe.lg.jp/,2024/4/1
奥尻町,https://www.town.okushiri.lg.jp/,2023/8/31
今金町,https://www.town.imakane.lg.jp/,2014/10/1
せたな町,https://www.town.setana.lg.jp/,2019/4/1
島牧村,https://www.vill.shimamaki.lg.jp/,2018/4/11
寿都町,http://www.town.suttu.lg.jp/,2016/9/1
黒松内町,http://www.kuromatsunai.com/,2018/4/1
蘭越町,https://www.town.rankoshi.hokkaido.jp/,2021/8/1
ニセコ町,https://www.town.niseko.lg.jp/,2018/3/27
真狩村,https://www.vill.makkari.lg.jp/,2018/4/1
留寿都村,https://www.vill.rusutsu.lg.jp/,2022/8/25
喜茂別町,https://www.town.kimobetsu.hokkaido.jp/,2022/4/1
京極町,https://www.town-kyogoku.jp/,2026/2/26
倶知安町,https://www.town.kutchan.hokkaido.jp/,2015/4/1
共和町,https://www.town.kyowa.hokkaido.jp/,2024/4/1
岩内町,https://www.town.iwanai.hokkaido.jp/,2025/9/10
泊村,https://www.vill.tomari.hokkaido.jp/,2017/4/1
神恵内村,https://www.vill.kamoenai.hokkaido.jp/,2015/10/29
積丹町,https://www.town.shakotan.lg.jp/,2020/10/1
古平町,https://www.town.furubira.lg.jp/,2020/1/1
仁木町,https://www.town.niki.hokkaido.jp/,2017/3/1
余市町,https://www.town.yoichi.hokkaido.jp/,2017/4/1
赤井川村,https://www.akaigawa.com/,2022/4/1
南幌町,https://www.town.nanporo.hokkaido.jp/,2021/3/29
奈井江町,https://www.town.naie.hokkaido.jp/,2016/4/1
上砂川町,https://town.kamisunagawa.hokkaido.jp/,2021/4/1
由仁町,https://www.town.yuni.lg.jp/,2022/3/30
長沼町,https://www.maoi-net.jp/,2021/4/16
栗山町,https://www.town.kuriyama.hokkaido.jp/,2021/2/1
月形町,https://www.town.tsukigata.hokkaido.jp/,2025/3/6
浦臼町,https://www.town.urausu.hokkaido.jp/,2024/6/1
新十津川町,https://www.town.shintotsukawa.lg.jp/,2017/1/1
妹背牛町,https://www.town.moseushi.hokkaido.jp/,2024/1/1
秩父別町,https://www.town.chippubetsu.hokkaido.jp/,2020/1/1
雨竜町,https://www.town.uryu.hokkaido.jp/,2022/11/1
北竜町,http://www.town.hokuryu.hokkaido.jp/,2026/3/31
沼田町,https://www.town.numata.hokkaido.jp/,2014/4/1
鷹栖町,https://www.town.takasu.hokkaido.jp/,2026/3/5
東神楽町,https://www.town.higashikagura.lg.jp/,2017/3/27
当麻町,https://www.town.tohma.hokkaido.jp/,2024/2/28
比布町,https://www.town.pippu.hokkaido.jp/,2022/1/1
愛別町,https://www.town.aibetsu.hokkaido.jp/,2022/4/1
上川町,https://www.town.hokkaido-kamikawa.lg.jp/,2023/4/1
東川町,https://higashikawa-town.jp/,2022/3/1
美瑛町,https://www.town.biei.hokkaido.jp/,2016/11/1
上富良野町,https://www.town.kamifurano.hokkaido.jp/,2015/4/1
中富良野町,https://www.town.nakafurano.lg.jp/,2022/9/1
南富良野町,https://www.town.minamifurano.hokkaido.jp/,2026/1/15
占冠村,https://www.vill.shimukappu.lg.jp/,2021/4/1
和寒町,https://www.town.wassamu.hokkaido.jp/,2022/1/1
剣淵町,https://www.town.kembuchi.hokkaido.jp/,2018/1/
下川町,https://www.town.shimokawa.hokkaido.jp/,2020/2/28
美深町,http://www.town.bifuka.hokkaido.jp/,2013/4/1
音威子府村,https://www.vill.otoineppu.hokkaido.jp/,2015/4/1
中川町,https://www.town.nakagawa.hokkaido.jp/,2021/6/1
幌加内町,https://www.town.horokanai.hokkaido.jp/,2017/12/31
増毛町,https://www.town.mashike.hokkaido.jp/,2019/4/1
小平町,https://www.town.obira.hokkaido.jp/,2016/4/1
苫前町,http://www.town.tomamae.lg.jp/,2022/4/4
羽幌町,https://www.town.haboro.lg.jp/,2012/4/1
初山別村,https://www.vill.shosanbetsu.lg.jp/,2025/3/31
遠別町,https://www.town.embetsu.hokkaido.jp/,2024/4/19
天塩町,https://www.teshiotown.hokkaido.jp/,2023/4/3
猿払村,https://www.vill.sarufutsu.hokkaido.jp/,2011/8/1
浜頓別町,http://www.town.hamatonbetsu.hokkaido.jp/,2023/4/27
中頓別町,https://www.town.nakatombetsu.hokkaido.jp/,
枝幸町,https://www.esashi.jp/,2023/10/30
豊富町,https://www.town.toyotomi.hokkaido.jp/,
礼文町,https://www.town.rebun.hokkaido.jp/,
利尻町,https://rishiri-town.jp/,2024/8/29
利尻富士町,https://www.town.rishirifuji.hokkaido.jp/rishirifuji/,
幌延町,https://www.town.horonobe.lg.jp/,
美幌町,https://www.town.bihoro.hokkaido.jp/,2025/3/13
津別町,https://www.town.tsubetsu.hokkaido.jp/,2023/3/24
斜里町,https://www.town.shari.hokkaido.jp/,2021/10/1
清里町,https://www.town.kiyosato.hokkaido.jp/,2024/3/29
小清水町,https://www.town.koshimizu.hokkaido.jp/,
訓子府町,https://www.town.kunneppu.hokkaido.jp/,
置戸町,https://www.town.oketo.hokkaido.jp/,
佐呂間町,https://www.town.saroma.hokkaido.jp/,
遠軽町,https://engaru.jp/,
湧別町,https://www.town.yubetsu.lg.jp/,
滝上町,https://www.town.takinoue.hokkaido.jp/,
興部町,https://www.town.okoppe.lg.jp/,
西興部村,https://www.vill.nishiokoppe.lg.jp/,
雄武町,https://www.town.oumu.hokkaido.jp/,2022/4/1
大空町,https://www.town.ozora.hokkaido.jp/,2023/3/31
豊浦町,https://www.town.toyoura.hokkaido.jp/,
壮瞥町,https://www.town.sobetsu.lg.jp/,
白老町,https://www.town.shiraoi.hokkaido.jp/,2023/6/1
厚真町,https://www.town.atsuma.lg.jp/,2026/3/12
洞爺湖町,http://www.town.toyako.hokkaido.jp/,
安平町,https://www.town.abira.lg.jp/,
むかわ町,http://www.town.mukawa.lg.jp/,
日高町,https://www.town.hidaka.hokkaido.jp/,2024/12/24
平取町,https://www.town.biratori.hokkaido.jp/,2024/4/1
新冠町,https://www.niikappu.jp/,2026/2/20
浦河町,https://www.town.urakawa.hokkaido.jp/,2023/3/1
様似町,http://www.samani.jp/,
えりも町,https://www.town.erimo.lg.jp/,
新ひだか町,https://www.shinhidaka-hokkaido.jp/,
音更町,https://www.town.otofuke.hokkaido.jp/,2021/4/1
士幌町,https://www.shihoro.jp/,2022/3/24
上士幌町,https://www.kamishihoro.jp/,
鹿追町,https://www.town.shikaoi.lg.jp/,
新得町,https://www.shintoku-town.jp/,
清水町,https://www.town.shimizu.hokkaido.jp/,
芽室町,https://www.memuro.net/,
中札内村,https://www.vill.nakasatsunai.hokkaido.jp/,
更別村,https://www.sarabetsu.jp/,
大樹町,https://www.town.taiki.hokkaido.jp/,2025/3/24
広尾町,https://www.town.hiroo.lg.jp/,
幕別町,https://www.town.makubetsu.lg.jp/,
池田町,https://www.town.hokkaido-ikeda.lg.jp/,
豊頃町,https://www.toyokoro.jp/,2023/3/31
本別町,https://www.town.honbetsu.hokkaido.jp/,
足寄町,https://www.town.ashoro.hokkaido.jp/,2021/3/1
陸別町,https://www.rikubetsu.jp/,
浦幌町,https://www.urahoro.jp/,2024/3/26
釧路町,http://www.town.kushiro.lg.jp/,
厚岸町,https://www.akkeshi-town.jp/,
浜中町,https://www.townhamanaka.jp/,
標茶町,https://town.shibecha.hokkaido.jp/,
弟子屈町,https://www.town.teshikaga.hokkaido.jp/,
鶴居村,https://www.vill.tsurui.lg.jp/,
白糠町,https://www.town.shiranuka.lg.jp/,
別海町,https://betsukai.jp/,
中標津町,https://www.nakashibetsu.jp/,
標津町,https://www.shibetsutown.jp/,2026/3/31
羅臼町,https://www.rausu-town.jp/,
色丹村,,無し
泊村,https://www.vill.tomari.hokkaido.jp/,2016/3/1
留夜別村,,無し
留別村,,無し
紗那村,,無し
蘂取村,,無し
青森県,https://www.pref.aomori.lg.jp/,
青森市,https://www.city.aomori.aomori.jp/,2025/1/30
弘前市,https://www.city.hirosaki.aomori.jp/,
八戸市,https://www.city.hachinohe.aomori.jp/,
黒石市,https://www.city.kuroishi.aomori.jp/,
五所川原市,https://www.city.goshogawara.lg.jp/,
十和田市,https://www.city.towada.lg.jp/,
三沢市,https://www.city.misawa.lg.jp/,
むつ市,https://www.city.mutsu.lg.jp/,2022/3/31
つがる市,https://www.city.tsugaru.aomori.jp/,
平川市,https://www.city.hirakawa.lg.jp/,
平内町,https://www.town.hiranai.aomori.jp/,2023/3/24
今別町,https://www.town.imabetsu.lg.jp/,
蓬田村,https://www.vill.yomogita.lg.jp/,2022/4/1
外ヶ浜町,https://www.town.sotogahama.lg.jp/,
鰺ヶ沢町,https://www.town.ajigasawa.lg.jp/,2021/4/3
深浦町,https://www.town.fukaura.lg.jp/,2025/11/4
西目屋村,https://www.nishimeya.jp/,2023/3/1
藤崎町,https://www.town.fujisaki.lg.jp/,
大鰐町,http://www.town.owani.lg.jp/,
田舎館村,http://www.vill.inakadate.lg.jp/,2024/4/1
板柳町,https://www.town.itayanagi.aomori.jp/,
鶴田町,https://www.town.tsuruta.lg.jp/,
中泊町,https://www.town.nakadomari.lg.jp/,2022/4/1
野辺地町,https://www.town.noheji.aomori.jp/,
七戸町,https://www.town.shichinohe.lg.jp/,2023/11/1
六戸町,https://www.town.rokunohe.aomori.jp/,2024/3/21
横浜町,https://www.town.yokohama.lg.jp/,
東北町,https://www.town.tohoku.lg.jp/,
六ヶ所村,https://www.rokkasho.jp/,
おいらせ町,https://www.town.oirase.aomori.jp/,
大間町,https://www.town.ooma.lg.jp/,2023/11/1
東通村,http://www.vill.higashidoori.lg.jp/,2024/3/21
風間浦村,https://www.kazamaura.jp/,
佐井村,https://www.vill.sai.lg.jp/,2021/3/31
三戸町,https://www.town.sannohe.aomori.jp/,
五戸町,https://www.town.gonohe.aomori.jp/,
田子町,https://www.town.takko.lg.jp/,
南部町,https://www.town.aomori-nanbu.lg.jp/,2023/11/27
階上町,https://www.town.hashikami.lg.jp/,
新郷村,https://www.vill.shingo.aomori.jp/,
岩手県,https://www.pref.iwate.jp/,2024/4/1
盛岡市,https://www.city.morioka.iwate.jp/,2026/10/1
宮古市,https://www.city.miyako.iwate.jp/,2024/12/23
大船渡市,https://www.city.ofunato.iwate.jp/,2025/3/28
花巻市,https://www.city.hanamaki.iwate.jp/,2019/2/25
北上市,https://www.city.kitakami.iwate.jp/,
久慈市,https://www.city.kuji.iwate.jp/,2025/2/28
遠野市,https://www.city.tono.iwate.jp/,2023/9/29
一関市,https://www.city.ichinoseki.iwate.jp/,2026/3/5
陸前高田市,https://www.city.rikuzentakata.iwate.jp/,2021/4/1
釜石市,https://www.city.kamaishi.iwate.jp/,2022/1/25
二戸市,https://www.city.ninohe.lg.jp/,
八幡平市,https://www.city.hachimantai.lg.jp/,2023/4/1
奥州市,https://www.city.oshu.iwate.jp/,2023/9/29
滝沢市,https://www.city.takizawa.iwate.jp/,2024/11/29
雫石町,https://www.town.shizukuishi.iwate.jp/,2022/3/31
葛巻町,https://www.town.kuzumaki.iwate.jp/,2023/3/1
岩手町,https://www.town.iwate.iwate.jp/,
紫波町,https://www.town.shiwa.iwate.jp/,2023/4/1
矢巾町,https://www.town.yahaba.iwate.jp/,2024/2/5
西和賀町,https://www.town.nishiwaga.lg.jp/,
金ケ崎町,https://www.town.kanegasaki.iwate.jp/,2018/1/1
平泉町,https://www.town.hiraizumi.iwate.jp/,
住田町,https://www.town.sumita.iwate.jp/,2015/4/1
大槌町,https://www.town.otsuchi.iwate.jp/,2018/10/30
山田町,https://www.town.yamada.iwate.jp/,2018/11/1
岩泉町,https://www.town.iwaizumi.lg.jp/,2023/3/28
田野畑村,https://www.vill.tanohata.iwate.jp/,2011/4/1
普代村,https://www.vill.fudai.iwate.jp/,
軽米町,https://www.town.karumai.iwate.jp/,
野田村,https://www.vill.noda.iwate.jp/,2022/6/1
九戸村,https://www.vill.kunohe.iwate.jp/,2018/4/2
洋野町,https://www.town.hirono.iwate.jp/,2022/6/21
一戸町,https://www.town.ichinohe.iwate.jp/,
宮城県,https://www.pref.miyagi.jp/,2021/11/23
仙台市,https://www.city.sendai.jp/,
石巻市,https://www.city.ishinomaki.lg.jp/,
塩竈市,https://www.city.shiogama.miyagi.jp/,2023/12/5
気仙沼市,https://www.kesennuma.miyagi.jp/,
白石市,https://www.city.shiroishi.miyagi.jp/,2016/3/31
名取市,https://www.city.natori.miyagi.jp/,2024/3/26
角田市,https://www.city.kakuda.lg.jp/,2020/10/30
多賀城市,https://www.city.tagajo.miyagi.jp/,
岩沼市,https://www.city.iwanuma.miyagi.jp/,
登米市,https://www.city.tome.miyagi.jp/,2018/1/30
栗原市,https://www.kuriharacity.jp/,
東松島市,https://www.city.higashimatsushima.miyagi.jp/,2023/4/1
大崎市,https://www.city.osaki.miyagi.jp/,2021/2/26
富谷市,https://www.tomiya-city.miyagi.jp/,2027/2/1
蔵王町,https://www.town.zao.miyagi.jp/,2020/2/27
七ヶ宿町,https://town.shichikashuku.miyagi.jp/,
大河原町,https://www.town.ogawara.miyagi.jp/,2024/3/7
村田町,https://www.town.murata.miyagi.jp/,
柴田町,https://www.town.shibata.miyagi.jp/,
川崎町,https://www.town.kawasaki.miyagi.jp/,2022/4/1
丸森町,https://www.town.marumori.miyagi.jp/,2022/1/7
亘理町,https://www.town.watari.miyagi.jp/,2022/3/23
山元町,https://www.town.yamamoto.miyagi.jp/,2024/3/7
松島町,https://www.town.miyagi-matsushima.lg.jp/,2026/5/1
七ヶ浜町,https://www.shichigahama.com/,
利府町,https://www.town.rifu.miyagi.jp/,2021/3/31
大和町,https://www.town.taiwa.miyagi.jp/,2024/3/1
大郷町,https://www.town.miyagi-osato.lg.jp/,2016/4/1
大衡村,https://www.village.ohira.miyagi.jp/,2026/3/2
色麻町,https://www.town.shikama.miyagi.jp/,2021/4/1
加美町,https://www.town.kami.miyagi.jp/,2021/4/1
涌谷町,https://www.town.wakuya.miyagi.jp/,2013/9/26
美里町,https://www.town.misato.miyagi.jp/,
女川町,https://www.town.onagawa.miyagi.jp/,
南三陸町,https://www.town.minamisanriku.miyagi.jp/,2026/3/31
秋田県,https://www.pref.akita.lg.jp/,2024/4/1
秋田市,https://www.city.akita.lg.jp/,
能代市,https://www.city.noshiro.lg.jp/,
横手市,https://www.city.yokote.lg.jp/,2021/9/28
大館市,https://www.city.odate.lg.jp/,
男鹿市,https://www.city.oga.akita.jp/,2021/3/31
湯沢市,https://www.city-yuzawa.jp/,2021/4/1
鹿角市,https://www.city.kazuno.lg.jp/,2024/2/1
由利本荘市,https://www.city.yurihonjo.lg.jp/,2022/12/21
潟上市,https://www.city.katagami.lg.jp/,2021/1/8
大仙市,https://www.city.daisen.lg.jp/,2024/10/1
北秋田市,https://www.city.kitaakita.akita.jp/,
にかほ市,https://www.city.nikaho.akita.jp/,2022/1/31
仙北市,https://www.city.semboku.akita.jp/,
小坂町,https://www.town.kosaka.akita.jp/,
上小阿仁村,https://www.vill.kamikoani.akita.jp/,2023/3/18
藤里町,https://www.town.fujisato.akita.jp/,
三種町,https://www.town.mitane.akita.jp/,2023/3/31
八峰町,https://www.town.happo.lg.jp/,2023/4/3
五城目町,https://www.town.gojome.akita.jp/,2022/3/31
八郎潟町,https://www.town.hachirogata.akita.jp/,2022/3/28
井川町,https://www.town.ikawa.akita.jp/,2025/10/1
大潟村,https://www.vill.ogata.akita.jp/,2023/3/11
美郷町,https://www.town.misato.akita.jp/,
羽後町,https://www.town.ugo.lg.jp/,
東成瀬村,https://vill.higashinaruse.lg.jp/,2023/5/1
山形県,https://www.pref.yamagata.jp/,2027/4/1
山形市,https://www.city.yamagata-yamagata.lg.jp/,2021/11/1
米沢市,https://www.city.yonezawa.yamagata.jp/,2024/3/29
鶴岡市,https://www.city.tsuruoka.lg.jp/,
酒田市,https://www.city.sakata.lg.jp/,
新庄市,https://www.city.shinjo.yamagata.jp/,
寒河江市,https://www.city.sagae.yamagata.jp/,2025/10/1
上山市,https://www.city.kaminoyama.yamagata.jp/,
村山市,https://www.city.murayama.lg.jp/,
長井市,https://www.city.nagai.yamagata.jp/,2023/9/1
天童市,https://www.city.tendo.yamagata.jp/,
東根市,https://www.city.higashine.yamagata.jp/,2022/2/28
尾花沢市,https://www.city.obanazawa.yamagata.jp/,
南陽市,http://www.city.nanyo.yamagata.jp/,
山辺町,https://www.town.yamanobe.yamagata.jp/,
中山町,https://www.town.nakayama.yamagata.jp/,2023/9/1
河北町,https://www.town.kahoku.yamagata.jp/,2023/3/31
西川町,https://www.town.nishikawa.yamagata.jp/,2024/3/7
朝日町,https://www.town.asahi.yamagata.jp/,
大江町,https://www.town.oe.yamagata.jp/,
大石田町,https://www.town.oishida.yamagata.jp/,
金山町,https://www.town.kaneyama.yamagata.jp/,
最上町,https://town.mogami.lg.jp/,
舟形町,https://www.town.funagata.yamagata.jp/,2021/12/1
真室川町,https://www.town.mamurogawa.yamagata.jp/,2024/3/29
大蔵村,https://www.vill.ohkura.yamagata.jp/,2022/3/25
鮭川村,https://www.vill.sakegawa.yamagata.jp/,
戸沢村,https://www.vill.tozawa.yamagata.jp/,2025/11/1
高畠町,https://www.town.takahata.yamagata.jp/,2026/2/26
川西町,https://www.town.kawanishi.yamagata.jp/,
小国町,https://www.town.oguni.yamagata.jp/,2022/11/1
白鷹町,https://www.town.shirataka.lg.jp/,2021/10/30
飯豊町,https://www.town.iide.yamagata.jp/,
三川町,https://www.town.mikawa.yamagata.jp/,
庄内町,https://www.town.shonai.lg.jp/,2021/10/1
遊佐町,https://www.town.yuza.yamagata.jp/,2025/4/1
福島県,https://www.pref.fukushima.lg.jp/,2014/3/29
福島市,https://www.city.fukushima.fukushima.jp/,2025/7/1
会津若松市,https://www.city.aizuwakamatsu.fukushima.jp/,2024/4/1
郡山市,https://www.city.koriyama.lg.jp/,2022/2/24
いわき市,https://www.city.iwaki.lg.jp/,2023/1/26
白河市,https://www.city.shirakawa.fukushima.jp/,
須賀川市,https://www.city.sukagawa.fukushima.jp/,2026/4/1
喜多方市,https://www.city.kitakata.fukushima.jp/,2026/1/1
相馬市,https://www.city.soma.fukushima.jp/,2019/3/29
二本松市,https://www.city.nihonmatsu.lg.jp/,2023/1/1
田村市,https://www.city.tamura.lg.jp/,2022/3/25
南相馬市,https://www.city.minamisoma.lg.jp/,2018/12/25
伊達市,https://www.city.fukushima-date.lg.jp/,2021/3/15
本宮市,https://www.city.motomiya.lg.jp/,2017/10/2
桑折町,https://www.town.koori.fukushima.jp/,2026/1/15
国見町,https://www.town.kunimi.fukushima.jp/,2017/1/1
川俣町,https://www.town.kawamata.lg.jp/,2012/3/30
大玉村,https://www.vill.otama.fukushima.jp/,2016/4/1
鏡石町,https://www.town.kagamiishi.fukushima.jp/,2020/11/24
天栄村,https://www.vill.tenei.fukushima.jp/,
下郷町,https://www.town.shimogo.fukushima.jp/,2018/10/1
檜枝岐村,https://www.vill.hinoemata.lg.jp/,
只見町,https://www.town.tadami.lg.jp/,2021/4/2
南会津町,https://www.town.minamiaizu.lg.jp/,2021/4/1
北塩原村,https://www.vill.kitashiobara.fukushima.jp/,2024/2/1
西会津町,https://www.town.nishiaizu.fukushima.jp/,2021/11/30
磐梯町,https://www.town.bandai.fukushima.jp/,2016/4/1
猪苗代町,https://www.town.inawashiro.fukushima.jp/,2026/3/2
会津坂下町,https://www.town.aizubange.fukushima.jp/,2025/2/27
湯川村,https://www.vill.yugawa.fukushima.jp/,2025/3/4
柳津町,https://www.town.yanaizu.fukushima.jp/,2021/3/30
三島町,https://www.town.mishima.fukushima.jp/,2023/3/1
金山町,https://www.town.kaneyama.fukushima.jp/,2021/6/28
昭和村,https://www.vill.showa.fukushima.jp/,2021/3/12
会津美里町,https://www.town.aizumisato.fukushima.jp/,2023/3/31
西郷村,https://www.vill.nishigo.fukushima.jp/,2021/4/1
泉崎村,https://www.vill.izumizaki.fukushima.jp/,2024/10/2
中島村,https://www.vill-nakajima.jp/,
矢吹町,https://www.town.yabuki.fukushima.jp/,
棚倉町,https://www.town.tanagura.fukushima.jp/,
矢祭町,https://www.town.yamatsuri.fukushima.jp/,
塙町,https://www.town.hanawa.fukushima.jp/,
鮫川村,https://www.vill.samegawa.fukushima.jp/,2019/1/4
石川町,https://www.town.ishikawa.fukushima.jp/,
玉川村,https://www.vill.tamakawa.fukushima.jp/,2023/4/1
平田村,https://www.vill.hirata.fukushima.jp/,2021/4/6
浅川町,https://www.town.asakawa.fukushima.jp/,2020/9/1
古殿町,https://www.town.furudono.fukushima.jp/,
三春町,https://www.town.miharu.fukushima.jp/,
小野町,https://www.town.ono.fukushima.jp/,2022/8/18
広野町,https://www.town.hirono.fukushima.jp/,2022/3/20
楢葉町,https://www.town.naraha.lg.jp/,2019/4/11
富岡町,https://www.tomioka-town.jp/,2024/4/1
川内村,https://www.kawauchimura.jp/,
大熊町,https://www.town.okuma.fukushima.jp/,2018/3/26
双葉町,https://www.town.fukushima-futaba.lg.jp/,2013/9/4
浪江町,https://www.town.namie.fukushima.jp/,2023/1/26
葛尾村,https://www.katsurao.org/,2023/4/1
新地町,https://www.shinchi-town.jp/,2016/4/1
飯舘村,https://www.vill.iitate.fukushima.jp/,
茨城県,https://www.pref.ibaraki.jp/,2025/2/15
水戸市,https://www.city.mito.lg.jp/,2022/8/1
日立市,https://www.city.hitachi.lg.jp/,2024/2/29
土浦市,https://www.city.tsuchiura.lg.jp/,2024/10/3
古河市,https://www.city.ibaraki-koga.lg.jp/,2020/12/1
石岡市,https://www.city.ishioka.lg.jp/,2023/3/15
結城市,https://www.city.yuki.lg.jp/,2015/2/1
龍ケ崎市,https://www.city.ryugasaki.ibaraki.jp/,2023/2/23
下妻市,https://www.city.shimotsuma.lg.jp/,2025/11/19
常総市,https://www.city.joso.lg.jp/,2023/2/28
常陸太田市,https://www.city.hitachiota.ibaraki.jp/,
高萩市,https://www.city.takahagi.ibaraki.jp/,
北茨城市,https://www.city.kitaibaraki.lg.jp/,2020/10/1
笠間市,https://www.city.kasama.lg.jp/,2021/9/30
取手市,https://www.city.toride.ibaraki.jp/,2022/3/1
牛久市,https://www.city.ushiku.lg.jp/,2018/10/1
つくば市,https://www.city.tsukuba.lg.jp/,2023/3/1
ひたちなか市,https://www.city.hitachinaka.lg.jp/,2022/2/1
鹿嶋市,https://city.kashima.ibaraki.jp/,2020/3/16
潮来市,https://www.city.itako.lg.jp/,
守谷市,https://www.city.moriya.ibaraki.jp/,2024/2/27
常陸大宮市,https://www.city.hitachiomiya.lg.jp/,2023/4/5
那珂市,https://www.city.naka.lg.jp/,2024/4/1
筑西市,https://www.city.chikusei.lg.jp/,
坂東市,https://www.city.bando.lg.jp/,2022/3/19
稲敷市,https://www.city.inashiki.lg.jp/,2020/11/30
かすみがうら市,https://www.city.kasumigaura.lg.jp/,2021/1/19
桜川市,https://www.city.sakuragawa.lg.jp/,2023/4/19
神栖市,https://www.city.kamisu.ibaraki.jp/,2019/11/13
行方市,https://www.city.namegata.ibaraki.jp/,2020/12/15
鉾田市,https://www.city.hokota.lg.jp/,
つくばみらい市,https://www.city.tsukubamirai.lg.jp/,
小美玉市,https://www.city.omitama.lg.jp/,2022/4/1
茨城町,https://www.town.ibaraki.lg.jp/,
大洗町,https://www.town.oarai.lg.jp/,
城里町,https://www.town.shirosato.lg.jp/,
東海村,https://www.vill.tokai.ibaraki.jp/,2020/1/1
大子町,https://www.town.daigo.ibaraki.jp/,
美浦村,https://www.vill.miho.lg.jp/,
阿見町,https://www.town.ami.lg.jp/,2015/3/1
河内町,https://www.town.ibaraki-kawachi.lg.jp/,2017/4/3
八千代町,https://www.town.ibaraki-yachiyo.lg.jp/,
五霞町,https://www.town.goka.lg.jp/,
境町,https://www.town.ibaraki-sakai.lg.jp/,
利根町,https://www.town.tone.ibaraki.jp/,
栃木県,https://www.pref.tochigi.lg.jp/,2021/4/1
宇都宮市,https://www.city.utsunomiya.lg.jp/,2024/3/25
足利市,https://www.city.ashikaga.tochigi.jp/,2023/2/1
栃木市,https://www.city.tochigi.lg.jp/,2019/1/28
佐野市,https://www.city.sano.lg.jp/,2019/4/1
鹿沼市,https://www.city.kanuma.tochigi.jp/,2026/2/2
日光市,https://www.city.nikko.lg.jp/,2024/2/1
小山市,https://www.city.oyama.tochigi.jp/,2024/9/28
真岡市,https://www.city.moka.lg.jp/,2024/12/1
大田原市,https://www.city.ohtawara.tochigi.jp/,2019/7/1
矢板市,https://www.city.yaita.tochigi.jp/,2019/3/25
那須塩原市,https://www.city.nasushiobara.lg.jp/,2021/11/30
さくら市,https://www.city.tochigi-sakura.lg.jp/,2022/3/14
那須烏山市,https://www.city.nasukarasuyama.lg.jp/,2021/4/1
下野市,https://www.city.shimotsuke.lg.jp/,2023/3/23
上三川町,https://www.town.kaminokawa.lg.jp/,
益子町,https://www.town.mashiko.lg.jp/,
茂木町,https://www.town.motegi.tochigi.jp/,
市貝町,https://www.town.ichikai.tochigi.jp/,2023/9/28
芳賀町,https://www.town.tochigi-haga.lg.jp/,2015/3/30
壬生町,https://www.town.mibu.tochigi.jp/,2023/9/19
野木町,https://www.town.nogi.lg.jp/,2023/3/31
塩谷町,https://www.town.shioya.tochigi.jp/,
高根沢町,https://www.town.takanezawa.tochigi.jp/,2024/3/1
那須町,https://www.town.nasu.lg.jp/,
那珂川町,https://www.town.tochigi-nakagawa.lg.jp/,2026/2/1
群馬県,https://www.pref.gunma.jp/,2022/12/1
前橋市,https://www.city.maebashi.gunma.jp/,2019/2/1
高崎市,https://www.city.takasaki.gunma.jp/,2024/3/1
桐生市,https://www.city.kiryu.lg.jp/,2021/2/1
伊勢崎市,https://www.city.isesaki.lg.jp/,2023/2/1
太田市,https://www.city.ota.gunma.jp/,2023/2/27
沼田市,https://www.city.numata.gunma.jp/,
館林市,https://www.city.tatebayashi.gunma.jp/,2021/3/15
渋川市,https://www.city.shibukawa.lg.jp/,2025/12/1
藤岡市,https://www.city.fujioka.gunma.jp/,2021/12/1
富岡市,https://www.city.tomioka.lg.jp/,
安中市,https://www.city.annaka.lg.jp/,2023/9/26
みどり市,https://www.city.midori.gunma.jp/,2024/2/1
榛東村,https://www.vill.shinto.gunma.jp/,
吉岡町,https://www.town.yoshioka.gunma.jp/,2017/4/1
上野村,https://www.uenomura.jp/,2026/2/19
神流町,https://www.town.kanna.gunma.jp/,2024/3/25
下仁田町,https://www.town.shimonita.lg.jp/,
南牧村,https://nanmoku.ne.jp/,2024/9/14
甘楽町,https://www.town.kanra.lg.jp/,
中之条町,https://www.town.nakanojo.gunma.jp/,2024/4/1
長野原町,https://www.town.naganohara.gunma.jp/,2026/3/25
嬬恋村,https://www.vill.tsumagoi.gunma.jp/,2022/4/1
草津町,https://www.town.kusatsu.gunma.jp/,
高山村,https://www.vill.takayama.gunma.jp/,2023/12/23
東吾妻町,https://www.town.higashiagatsuma.gunma.jp/,
片品村,https://www.vill.katashina.gunma.jp/,
川場村,https://www.vill.kawaba.gunma.jp/,2021/3/24
昭和村,https://www.vill.showa.gunma.jp/,2017/4/1
みなかみ町,https://www.town.minakami.gunma.jp/,2020/4/1
玉村町,https://www.town.tamamura.lg.jp/,2020/1/27
板倉町,https://www.town.itakura.gunma.jp/,
明和町,https://www.town.meiwa.gunma.jp/,2026/4/1
千代田町,https://www.town.chiyoda.gunma.jp/,2017/7/1
大泉町,https://www.town.oizumi.gunma.jp/,2020/12/24
邑楽町,https://www.town.ora.gunma.jp/,2018/10/1
埼玉県,https://www.pref.saitama.lg.jp/,2023/3/1
さいたま市,https://www.city.saitama.jp/,2024/1/8
川越市,https://www.city.kawagoe.saitama.jp/,2024/12/24
熊谷市,https://www.city.kumagaya.lg.jp/,2026/12/1
川口市,https://www.city.kawaguchi.lg.jp/,2018/2/28
行田市,https://www.city.gyoda.lg.jp/,2022/1/20
秩父市,https://www.city.chichibu.lg.jp/,
所沢市,https://www.city.tokorozawa.saitama.jp/,
飯能市,https://www.city.hanno.lg.jp/,2023/1/31
加須市,https://www.city.kazo.lg.jp/,2022/12/1
本庄市,https://www.city.honjo.lg.jp/,2025/10/1
東松山市,https://www.city.higashimatsuyama.lg.jp/,2023/6/1
春日部市,https://www.city.kasukabe.lg.jp/,2022/1/31
狭山市,https://www.city.sayama.saitama.jp/,2020/4/1
羽生市,https://www.city.hanyu.lg.jp/,2019/8/5
鴻巣市,https://www.city.kounosu.saitama.jp/,2023/2/28
深谷市,https://www.city.fukaya.saitama.jp/,2023/3/27
上尾市,https://www.city.ageo.lg.jp/,2027/3/31
草加市,https://www.city.soka.saitama.jp/,2022/2/1
越谷市,https://www.city.koshigaya.saitama.jp/,2022/10/28
蕨市,https://www.city.warabi.saitama.jp/,2024/12/26
戸田市,https://www.city.toda.saitama.jp/,2025/11/27
入間市,https://www.city.iruma.saitama.jp/,2023/3/31
朝霞市,https://www.city.asaka.lg.jp/,2023/9/28
志木市,https://www.city.shiki.lg.jp/,2023/1/30
和光市,https://www.city.wako.lg.jp/,2024/3/1
新座市,https://www.city.niiza.lg.jp/,2024/2/27
桶川市,https://www.city.okegawa.lg.jp/,
久喜市,https://www.city.kuki.lg.jp/,2025/3/13
北本市,https://www.city.kitamoto.lg.jp/,2021/3/31
八潮市,https://www.city.yashio.lg.jp/,2021/11/1
富士見市,https://www.city.fujimi.saitama.jp/,2024/1/25
三郷市,https://www.city.misato.lg.jp/,2023/6/30
蓮田市,https://www.city.hasuda.saitama.jp/,2024/3/21
坂戸市,https://www.city.sakado.lg.jp/,2019/1/29
幸手市,https://www.city.satte.lg.jp/,2020/4/1
鶴ヶ島市,https://www.city.tsurugashima.lg.jp/,
日高市,https://www.city.hidaka.lg.jp/,2017/3/1
吉川市,https://www.city.yoshikawa.saitama.jp/,
ふじみ野市,https://www.city.fujimino.saitama.jp/,2025/3/28
白岡市,https://www.city.shiraoka.lg.jp/,2023/1/31
伊奈町,https://www.town.saitama-ina.lg.jp/,2024/10/1
三芳町,https://www.town.saitama-miyoshi.lg.jp/,
毛呂山町,https://www.town.moroyama.saitama.jp/,2021/12/23
越生町,https://www.town.ogose.saitama.jp/,
滑川町,https://www.town.namegawa.saitama.jp/,2021/3/1
嵐山町,https://www.town.ranzan.saitama.jp/,2023/10/23
小川町,https://www.town.ogawa.saitama.jp/,2025/2/1
川島町,https://www.town.kawajima.saitama.jp/,
吉見町,https://www.town.yoshimi.saitama.jp/,2021/4/1
鳩山町,https://www.town.hatoyama.saitama.jp/,2022/10/1
ときがわ町,https://www.town.tokigawa.lg.jp/,
横瀬町,https://www.town.yokoze.saitama.jp/,2023/4/1
皆野町,https://www.town.minano.saitama.jp/,
長瀞町,https://www.town.nagatoro.saitama.jp/,2022/3/29
小鹿野町,https://www.town.ogano.lg.jp/,
東秩父村,https://www.vill.higashichichibu.saitama.jp/,2020/3/2
美里町,https://www.town.saitama-misato.lg.jp/,2021/4/1
神川町,https://www.town.kamikawa.saitama.jp/,2020/10/1
上里町,https://www.town.kamisato.saitama.jp/,2023/3/15
寄居町,https://www.town.yorii.saitama.jp/,2024/2/1
宮代町,https://www.town.miyashiro.lg.jp/,
杉戸町,https://www.town.sugito.lg.jp/,2024/2/1
松伏町,https://www.town.matsubushi.lg.jp/,
千葉県,https://www.pref.chiba.lg.jp/,2026/4/1
千葉市,https://www.city.chiba.jp/,2023/2/6
銚子市,https://www.city.choshi.chiba.jp/,2023/4/3
市川市,https://www.city.ichikawa.lg.jp/,2026/3/2
船橋市,https://www.city.funabashi.lg.jp/,
館山市,https://www.city.tateyama.chiba.jp/,2021/4/1
木更津市,https://www.city.kisarazu.lg.jp/,2024/2/29
松戸市,https://www.city.matsudo.chiba.jp/,
野田市,https://www.city.noda.chiba.jp/,2023/4/1
茂原市,https://www.city.mobara.chiba.jp/,
成田市,https://www.city.narita.chiba.jp/,
佐倉市,https://www.city.sakura.lg.jp/,2022/6/1
東金市,https://www.city.togane.chiba.jp/,2022/12/26
旭市,https://www.city.asahi.lg.jp/,2021/3/31
習志野市,https://www.city.narashino.lg.jp/,2021/9/29
柏市,https://www.city.kashiwa.lg.jp/,2024/1/22
勝浦市,https://www.city.katsuura.lg.jp/,2024/3/26
市原市,https://www.city.ichihara.chiba.jp/,2026/12/1
流山市,https://www.city.nagareyama.chiba.jp/,2022/10/1
八千代市,https://www.city.yachiyo.lg.jp/,2023/3/30
我孫子市,https://www.city.abiko.chiba.jp/,2023/11/8
鴨川市,https://www.city.kamogawa.lg.jp/,2021/8/31
鎌ケ谷市,https://www.city.kamagaya.chiba.jp/,2018/6/25
君津市,https://www.city.kimitsu.lg.jp/,2022/9/12
富津市,https://www.city.futtsu.lg.jp/,2021/9/1
浦安市,https://www.city.urayasu.lg.jp/,2025/4/1
四街道市,https://www.city.yotsukaido.chiba.jp/,2016/11/1
袖ケ浦市,https://www.city.sodegaura.lg.jp/,2026/3/26
八街市,https://www.city.yachimata.lg.jp/,2018/7/2
印西市,https://www.city.inzai.lg.jp/,
白井市,https://www.city.shiroi.chiba.jp/,2023/9/25
富里市,https://www.city.tomisato.lg.jp/,2025/4/1
南房総市,https://www.city.minamiboso.chiba.jp/,2015/9/16
匝瑳市,https://www.city.sosa.lg.jp/,
香取市,https://www.city.katori.lg.jp/,2024/2/1
山武市,https://www.city.sammu.lg.jp/,2024/12/11
いすみ市,https://www.city.isumi.lg.jp/,2024/4/1
大網白里市,https://www.city.oamishirasato.lg.jp/,2023/4/27
酒々井町,https://www.town.shisui.chiba.jp/,2024/3/8
栄町,https://www.town.sakae.chiba.jp/,2022/9/29
神崎町,https://www.town.kozaki.chiba.jp/,2023/4/27
多古町,https://www.town.tako.chiba.jp/,2018/2/28
東庄町,https://www.town.tohnosho.chiba.jp/,2022/9/29
九十九里町,https://www.town.kujukuri.chiba.jp/,
芝山町,https://www.town.shibayama.lg.jp/,
横芝光町,https://www.town.yokoshibahikari.chiba.jp/,2020/4/1
一宮町,https://www.town.ichinomiya.chiba.jp/,
睦沢町,https://www.town.mutsuzawa.chiba.jp/,
長生村,https://www.vill.chosei.chiba.jp/,2024/3/1
白子町,https://www.town.shirako.lg.jp/,2025/3/1
長柄町,https://www.town.nagara.chiba.jp/,2022/12/26
長南町,https://www.town.chonan.chiba.jp/,2025/2/27
大多喜町,https://www.town.otaki.chiba.jp/,2024/4/1
御宿町,https://www.town.onjuku.chiba.jp/,
鋸南町,https://www.town.kyonan.chiba.jp/,2025/1/30
東京都,https://www.metro.tokyo.lg.jp/,2025/3/15
千代田区,https://www.city.chiyoda.lg.jp/,2020/3/17
中央区,https://www.city.chuo.lg.jp/,2023/2/1
港区,https://www.city.minato.tokyo.jp/,2025/3/26
新宿区,https://www.city.shinjuku.lg.jp/,2010/1/1
文京区,https://www.city.bunkyo.lg.jp/,2024/5/13
台東区,https://www.city.taito.lg.jp/,2020/12/15
墨田区,https://www.city.sumida.lg.jp/,2020/9/29
江東区,https://www.city.koto.lg.jp/,2024/12/9
品川区,https://www.city.shinagawa.tokyo.jp/,2021/4/1
目黒区,https://www.city.meguro.tokyo.jp/,2023/9/12
大田区,https://www.city.ota.tokyo.jp/,2021/4/1
世田谷区,https://www.city.setagaya.lg.jp/,2024/9/2
渋谷区,https://www.city.shibuya.tokyo.jp/,2023/3/17
中野区,https://www.city.tokyo-nakano.lg.jp/,2023/10/20
杉並区,https://www.city.suginami.tokyo.jp/index.html,2025/2/1
豊島区,https://www.city.toshima.lg.jp/,2025/3/31
北区,https://www.city.kita.tokyo.jp/,2025/3/10
荒川区,https://www.city.arakawa.tokyo.jp/,2020/7/1
板橋区,https://www.city.itabashi.tokyo.jp/,2020/4/1
練馬区,https://www.city.nerima.tokyo.jp/,2018/9/1
足立区,https://www.city.adachi.tokyo.jp/,2020/3/1
葛飾区,https://www.city.katsushika.lg.jp/,2023/2/14
江戸川区,https://www.city.edogawa.tokyo.jp/,2024/3/5
八王子市,https://www.city.hachioji.tokyo.jp/,
立川市,https://www.city.tachikawa.lg.jp/,2024/5/30
武蔵野市,https://www.city.musashino.lg.jp/,2022/11/1
三鷹市,https://www.city.mitaka.lg.jp/,2027/1/31
青梅市,https://www.city.ome.tokyo.jp/,2020/1/8
府中市,https://www.city.fuchu.tokyo.jp/,2023/5/15
昭島市,https://www.city.akishima.lg.jp/,2026/1/27
調布市,https://www.city.chofu.lg.jp/,2024/2/5
町田市,https://www.city.machida.tokyo.jp/,2025/2/13
小金井市,https://www.city.koganei.lg.jp/,2025/1/28
小平市,https://www.city.kodaira.tokyo.jp/,2018/7/1
日野市,https://www.city.hino.lg.jp/,2018/3/15
東村山市,https://www.city.higashimurayama.tokyo.jp/,2024/4/1
国分寺市,https://www.city.kokubunji.tokyo.jp/,2026/3/3
国立市,https://www.city.kunitachi.tokyo.jp/,2023/6/30
福生市,https://www.city.fussa.tokyo.jp/,2016/9/1
狛江市,https://www.city.komae.tokyo.jp/,2020/9/29
東大和市,https://www.city.higashiyamato.lg.jp/,2022/12/1
清瀬市,https://www.city.kiyose.lg.jp/,2020/10/1
東久留米市,https://www.city.higashikurume.lg.jp/,2020/7/27
武蔵村山市,https://www.city.musashimurayama.lg.jp/,2016/3/31
多摩市,https://www.city.tama.lg.jp/,2023/3/20
稲城市,https://www.city.inagi.tokyo.jp/,2025/2/5
羽村市,https://www.city.hamura.tokyo.jp/,2021/8/3
あきる野市,https://www.city.akiruno.tokyo.jp/,2023/11/15
西東京市,https://www.city.nishitokyo.lg.jp/,2021/12/22
瑞穂町,https://www.town.mizuho.tokyo.jp/,2017/3/31
日の出町,https://www.town.hinode.tokyo.jp/,2024/3/31
檜原村,https://www.vill.hinohara.tokyo.jp/,2025/2/17
奥多摩町,https://www.town.okutama.tokyo.jp/,2022/4/1
大島町,https://www.town.oshima.tokyo.jp/,2015/12/1
利島村,https://www.toshimamura.org/,2021/4/1
新島村,https://www.niijima.com/,
神津島村,https://www.vill.kouzushima.tokyo.jp/,2023/4/3
三宅村,https://www.vill.miyake.tokyo.jp/,
御蔵島村,https://www.vill.mikurasima.tokyo.jp/,
八丈町,https://www.town.hachijo.tokyo.jp/,
青ヶ島村,https://www.vill.aogashima.tokyo.jp/,
小笠原村,https://www.vill.ogasawara.tokyo.jp/,2020/4/1
神奈川県,https://www.pref.kanagawa.jp/,2022/3/1
横浜市,https://www.city.yokohama.lg.jp/,2024/6/25
川崎市,https://www.city.kawasaki.jp/,2024/3/18
相模原市,https://www.city.sagamihara.kanagawa.jp/,2023/2/20
横須賀市,https://www.city.yokosuka.kanagawa.jp/,
平塚市,https://www.city.hiratsuka.kanagawa.jp/,2017/3/31
鎌倉市,https://www.city.kamakura.kanagawa.jp/,2025/4/1
藤沢市,https://www.city.fujisawa.kanagawa.jp/,2025/1/15
小田原市,https://www.city.odawara.kanagawa.jp/,2023/4/29
茅ヶ崎市,https://www.city.chigasaki.kanagawa.jp/,2022/3/16
逗子市,https://www.city.zushi.kanagawa.jp/,2023/3/30
三浦市,https://www.city.miura.kanagawa.jp/,2022/12/22
秦野市,https://www.city.hadano.kanagawa.jp/,2026/1/30
厚木市,https://www.city.atsugi.kanagawa.jp/,2021/4/1
大和市,https://www.city.yamato.lg.jp/,2022/2/1
伊勢原市,https://www.city.isehara.kanagawa.jp/,2024/2/28
海老名市,https://www.city.ebina.kanagawa.jp/,2018/3/31
座間市,https://www.city.zama.kanagawa.jp/,2023/2/1
南足柄市,https://www.city.minamiashigara.kanagawa.jp/,2014/4/1
綾瀬市,https://www.city.ayase.kanagawa.jp/,2023/2/1
葉山町,https://www.town.hayama.lg.jp/,2018/3/31
寒川町,https://www.town.samukawa.kanagawa.jp/,2022/10/1
大磯町,https://www.town.oiso.kanagawa.jp/,2022/3/9
二宮町,https://www.town.ninomiya.kanagawa.jp/,2023/2/27
中井町,https://www.town.nakai.kanagawa.jp/,2022/4/1
大井町,https://www.town.oi.kanagawa.jp/,2018/1/4
松田町,https://town.matsuda.kanagawa.jp/,2014/11/14
山北町,https://www.town.yamakita.kanagawa.jp/,2019/4/1
開成町,https://www.town.kaisei.kanagawa.jp/,2025/4/1
箱根町,https://www.town.hakone.kanagawa.jp/,2016/4/1
真鶴町,https://www.town.manazuru.kanagawa.jp/,2017/4/1
湯河原町,https://www.town.yugawara.kanagawa.jp/,2022/3/30
愛川町,https://www.town.aikawa.kanagawa.jp/,2023/3/1
清川村,https://www.town.kiyokawa.kanagawa.jp/,2021/10/1
新潟県,https://www.pref.niigata.lg.jp/,2019/9/2
新潟市,https://www.city.niigata.lg.jp/,2022/10/1
長岡市,https://www.city.nagaoka.niigata.jp/,2013/11/1
三条市,https://www.city.sanjo.niigata.jp/,2019/3/1
柏崎市,https://www.city.kashiwazaki.lg.jp/,2025/2/3
新発田市,https://www.city.shibata.lg.jp/,2018/4/1
小千谷市,https://www.city.ojiya.niigata.jp/,2023/3/27
加茂市,https://www.city.kamo.niigata.jp/,2021/4/1
十日町市,https://www.city.tokamachi.lg.jp/,2021/4/1
見附市,https://www.city.mitsuke.niigata.jp/,2023/10/30
村上市,https://www.city.murakami.lg.jp/,2020/11/30
燕市,https://www.city.tsubame.niigata.jp/,2021/3/1
糸魚川市,https://www.city.itoigawa.lg.jp/,2025/3/17
妙高市,https://www.city.myoko.niigata.jp/,2020/1/1
五泉市,https://www.city.gosen.lg.jp/,2017/11/1
上越市,https://www.city.joetsu.niigata.jp/,
阿賀野市,https://www.city.agano.niigata.jp/,2020/12/1
佐渡市,https://www.city.sado.niigata.jp/,2021/3/1
魚沼市,https://www.city.uonuma.lg.jp/,2023/3/20
南魚沼市,https://www.city.minamiuonuma.niigata.jp/,2022/3/1
胎内市,https://www.city.tainai.niigata.jp/,2021/12/1
聖籠町,https://www.town.seiro.niigata.jp/,2026/3/31
弥彦村,https://www.vill.yahiko.niigata.jp/,2025/3/17
田上町,https://www.town.tagami.niigata.jp/,2023/9/1
阿賀町,https://www.town.aga.niigata.jp/,2021/6/1
出雲崎町,https://www.town.izumozaki.niigata.jp/,2015/4/1
湯沢町,https://www.town.yuzawa.lg.jp/,2024/4/1
津南町,https://www.town.tsunan.niigata.jp/,2022/3/28
刈羽村,https://www.vill.kariwa.niigata.jp/,
関川村,http://www.vill.sekikawa.niigata.jp/,2016/3/24
粟島浦村,https://www.vill.awashimaura.lg.jp/,2017/4/1
富山県,https://www.pref.toyama.jp/,2021/3/25
富山市,https://www.city.toyama.lg.jp/,2023/2/15
高岡市,https://www.city.takaoka.toyama.jp/,2024/3/25
魚津市,https://www.city.uozu.toyama.jp/,2017/4/1
氷見市,https://www.city.himi.toyama.jp/,2020/2/1
滑川市,https://www.city.namerikawa.toyama.jp/,2024/3/1
黒部市,https://www.city.kurobe.toyama.jp/,
砺波市,https://www.city.tonami.lg.jp/,2022/3/1
小矢部市,https://www.city.oyabe.toyama.jp/,2023/3/23
南砺市,https://www.city.nanto.toyama.jp/,2025/3/21
射水市,https://www.city.imizu.toyama.jp/,
舟橋村,https://www.vill.funahashi.toyama.jp/,
上市町,https://www.town.kamiichi.toyama.jp/,2023/3/7
立山町,https://www.town.tateyama.toyama.jp/,2021/6/1
入善町,https://www.town.nyuzen.toyama.jp/,2021/2/1
朝日町,https://www.town.asahi.toyama.jp/,2023/4/1
石川県,https://www.pref.ishikawa.lg.jp/,
金沢市,https://www4.city.kanazawa.lg.jp/,2022/3/15
七尾市,https://www.city.nanao.lg.jp/,2012/4/1
小松市,https://www.city.komatsu.lg.jp/,2023/12/1
輪島市,https://www.city.wajima.ishikawa.jp/,2019/3/5
珠洲市,https://www.city.suzu.lg.jp/,2022/3/28
加賀市,https://www.city.kaga.ishikawa.jp/,2020/10/1
羽咋市,https://www.city.hakui.lg.jp/,2018/3/1
かほく市,https://www.city.kahoku.lg.jp/,2021/12/1
白山市,https://www.city.hakusan.lg.jp/,2022/3/22
能美市,https://www.city.nomi.ishikawa.jp/,2019/3/29
野々市市,https://www.city.nonoichi.lg.jp/,2019/2/26
川北町,https://www.town.kawakita.ishikawa.jp/,2022/4/1
津幡町,https://www.town.tsubata.lg.jp/,2025/1/30
内灘町,https://www.town.uchinada.lg.jp/,2022/1/20
志賀町,https://www.town.shika.lg.jp/,2026/3/10
宝達志水町,https://www.hodatsushimizu.jp/,2021/2/1
中能登町,https://www.town.nakanoto.ishikawa.jp/,2018/4/1
穴水町,https://www.town.anamizu.lg.jp/,2024/9/25
能登町,https://www.town.noto.lg.jp/,2025/3/25
福井県,https://www.pref.fukui.lg.jp/,2027/3/31
福井市,https://www.city.fukui.lg.jp/,2024/2/1
敦賀市,https://www.city.tsuruga.lg.jp/,2026/2/27
小浜市,https://www1.city.obama.fukui.jp/,
大野市,https://www.city.ono.fukui.jp/,
勝山市,https://www.city.katsuyama.fukui.jp/,2018/11/26
鯖江市,https://www.city.sabae.fukui.jp/,
あわら市,https://www.city.awara.lg.jp/,2014/12/1
越前市,https://www.city.echizen.lg.jp/,2023/12/1
坂井市,https://www.city.fukui-sakai.lg.jp/,2016/4/1
永平寺町,https://www.town.eiheiji.lg.jp/,2020/4/1
池田町,https://www.town.ikeda.fukui.jp/,2016/4/1
南越前町,https://www.town.minamiechizen.lg.jp/,2023/4/1
越前町,https://www.town.echizen.fukui.jp/,2017/4/1
美浜町,https://www.town.fukui-mihama.lg.jp/,2021/4/1
高浜町,https://www.town.takahama.fukui.jp/,2019/4/1
おおい町,https://www.town.ohi.fukui.jp/,2-17/3/1
若狭町,https://www.town.fukui-wakasa.lg.jp/,2022/3/31
山梨県,https://www.pref.yamanashi.jp/,2023/8/29
甲府市,https://www.city.kofu.yamanashi.jp/,2026/10/31
富士吉田市,https://www.city.fujiyoshida.yamanashi.jp/,2025/3/27
都留市,https://www.city.tsuru.yamanashi.jp/,2019/3/1
山梨市,https://www.city.yamanashi.yamanashi.jp/,2024/3/5
大月市,https://www.city.otsuki.yamanashi.jp/,2024/8/1
韮崎市,https://www.city.nirasaki.lg.jp/,2020/4/1
南アルプス市,https://www.city.minami-alps.yamanashi.jp/,2018/3/1
北杜市,https://www.city.hokuto.yamanashi.jp/,2017/3/1
甲斐市,https://www.city.kai.yamanashi.jp/,2026/3/10
笛吹市,https://www.city.fuefuki.yamanashi.jp/,2024/1/23
上野原市,https://www.city.uenohara.yamanashi.jp/,2023/3/27
甲州市,https://www.city.koshu.yamanashi.jp/,2021/3/31
中央市,https://www.city.chuo.yamanashi.jp/,2026/3/2
市川三郷町,https://www.town.ichikawamisato.yamanashi.jp/,
早川町,https://www.town.hayakawa.yamanashi.jp/,2020/3/1
身延町,https://www.town.minobu.lg.jp/,2026/3/12
南部町,https://www.town.nanbu.yamanashi.jp/,
富士川町,https://www.town.fujikawa.yamanashi.jp/,2023/10/1
昭和町,https://www.town.showa.yamanashi.jp/,2022/3/31
道志村,http://www.vill.doshi.lg.jp/,
西桂町,https://www.town.nishikatsura.yamanashi.jp/,
忍野村,https://www.vill.oshino.lg.jp/,2024/2/6
山中湖村,https://www.vill.yamanakako.lg.jp/,2022/4/1
鳴沢村,https://www.vill.narusawa.yamanashi.jp/,2022/3/1
富士河口湖町,https://www.town.fujikawaguchiko.lg.jp/,2020/8/1
小菅村,http://www.vill.kosuge.yamanashi.jp/,2023/2/1
丹波山村,https://www.vill.tabayama.yamanashi.jp/,2015/4/1
長野県,https://www.pref.nagano.lg.jp/,2018/9/1
長野市,https://www.city.nagano.nagano.jp/,2023/2/20
松本市,https://www.city.matsumoto.nagano.jp/,2022/4/1
上田市,https://www.city.ueda.nagano.jp/,2025/12/11
岡谷市,https://www.city.okaya.lg.jp/,2020/3/27
飯田市,https://www.city.iida.lg.jp/,2024/3/1
諏訪市,https://www.city.suwa.lg.jp/,2021/4/1
須坂市,https://www.city.suzaka.nagano.jp/,2024/3/26
小諸市,https://www.city.komoro.lg.jp/,2019/4/1
伊那市,https://www.inacity.jp/,2022/3/14
駒ヶ根市,https://www.city.komagane.nagano.jp/,2019/8/1
中野市,https://www.city.nakano.nagano.jp/,2024/1/17
大町市,https://www.city.omachi.nagano.jp/,2018/4/1
飯山市,https://www.city.iiyama.nagano.jp/,2014/4/1
茅野市,https://www.city.chino.lg.jp/,2024/7/1
塩尻市,https://www.city.shiojiri.lg.jp/,2021/10/1
佐久市,https://www.city.saku.nagano.jp/,2024/3/31
千曲市,https://www.city.chikuma.lg.jp/,2022/4/1
東御市,https://www.city.tomi.nagano.jp/,2024/3/26
安曇野市,https://www.city.azumino.nagano.jp/,2026/2/5
小海町,https://www.koumi-town.jp/,2021/4/1
川上村,https://www.vill.kawakami.nagano.jp/,2023/12/15
南牧村,https://www.minamimakimura.jp/,2017/4/3
南相木村,https://www.minamiaiki.jp/,2024/3/31
北相木村,http://www.vill.kitaaiki.nagano.jp/,2018/3/20
佐久穂町,https://www.town.sakuho.nagano.jp/,2017/2/1
軽井沢町,https://www.town.karuizawa.lg.jp/,2025/3/25
御代田町,https://www.town.miyota.nagano.jp/,2021/3/31
立科町,https://www.town.tateshina.nagano.jp/,2023/3/31
青木村,http://www.vill.aoki.nagano.jp/,2018/3/31
長和町,https://www.town.nagawa.nagano.jp/,2024/3/29
下諏訪町,https://www.town.shimosuwa.lg.jp/,2016/10/1
富士見町,https://www.town.fujimi.lg.jp/,2022/4/1
原村,https://www.vill.hara.lg.jp/,2016/4/18
辰野町,https://www.town.tatsuno.lg.jp/,2022/3/1
箕輪町,https://www.town.minowa.lg.jp/,2024/12/24
飯島町,https://www.town.iijima.lg.jp/,2026/9/20
南箕輪村,https://www.vill.minamiminowa.lg.jp/,2021/1/20
中川村,https://www.vill.nakagawa.nagano.jp/,2025/1/30
宮田村,https://www.vill.miyada.nagano.jp/,2016/6/4
松川町,https://www.town.matsukawa.lg.jp/,2018/3/31
高森町,https://www.town.nagano-takamori.lg.jp/,2023/9/29
阿南町,http://www.town.anan.nagano.jp/,2023/4/3
阿智村,https://www.vill.achi.lg.jp/,2025/4/1
平谷村,https://www.hirayamura.jp/,2017/3/8
根羽村,https://www.nebamura.jp/,2011/3/31
下條村,https://www.vill-shimojo.jp/,2017/4/1
売木村,https://www.urugi.jp/,2021/4/1
天龍村,https://www.vill-tenryu.jp/,2019/7/1
泰阜村,https://www.vill.yasuoka.nagano.jp/,2020/4/1
喬木村,https://www.vill.takagi.nagano.jp/,2023/3/22
豊丘村,https://www.vill.nagano-toyooka.lg.jp/,2024/8/1
大鹿村,http://www.vill.ooshika.nagano.jp/,2024/7/15
上松町,https://www.town.agematsu.nagano.jp/,2022/9/30
南木曽町,https://www.town.nagiso.nagano.jp/,2016/4/1
木祖村,https://www.vill.kiso.nagano.jp/,2022/10/1
王滝村,https://www.vill.otaki.nagano.jp/,2022/4/1
大桑村,https://www.vill.okuwa.lg.jp/,2024/3/15
木曽町,https://www.town-kiso.com/,2019/5/7
麻績村,https://www.vill.omi.nagano.jp/,2023/3/31
生坂村,https://www.village.ikusaka.nagano.jp/,2013/12/1
山形村,https://www.vill.yamagata.nagano.jp/,2020/3/16
朝日村,https://www.vill.asahi.nagano.jp/,2025/4/1
筑北村,https://www.vill.chikuhoku.lg.jp/,2025/2/4
池田町,https://www.ikedamachi.net/,2024/12/19
松川村,https://www.vill.matsukawa.nagano.jp/,2025/4/1
白馬村,https://www.vill.hakuba.lg.jp/,2019/4/1
小谷村,https://www.vill.otari.nagano.jp/,2026/4/1
坂城町,https://www.town.sakaki.nagano.jp/,2026/3/2
小布施町,https://www.town.obuse.nagano.jp/,2020/3/16
高山村,https://www.vill.takayama.nagano.jp/,2024/3/25
山ノ内町,https://www.town.yamanouchi.nagano.jp/,2023/3/27
木島平村,https://www.vill.kijimadaira.lg.jp/,2023/3/15
野沢温泉村,https://www.vill.nozawaonsen.nagano.jp/,2022/3/29
信濃町,https://www.town.shinano.lg.jp/,2016/9/30
小川村,https://www.vill.ogawa.nagano.jp/,2024/4/1
飯綱町,https://www.town.iizuna.nagano.jp/,2018/5/1
栄村,http://www.vill.sakae.nagano.jp/,2017/4/1
岐阜県,https://www.pref.gifu.lg.jp/,2020/10/1
岐阜市,https://www.city.gifu.lg.jp/,2021/10/1
大垣市,https://www.city.ogaki.lg.jp/,2021/5/20
高山市,https://www.city.takayama.lg.jp/,2024/1/31
多治見市,https://www.city.tajimi.lg.jp/,2026/3/17
関市,https://www.city.seki.lg.jp/,2023/10/1
中津川市,https://www.city.nakatsugawa.lg.jp/,2021/3/1
美濃市,https://www.city.mino.gifu.jp/,2023/4/25
瑞浪市,https://www.city.mizunami.lg.jp/,2020/3/16
羽島市,https://www.city.hashima.lg.jp/,2023/11/30
恵那市,https://www.city.ena.lg.jp/,2020/1/30
美濃加茂市,https://www.city.minokamo.lg.jp/,2021/4/1
土岐市,https://www.city.toki.lg.jp/,2023/3/1
各務原市,https://www.city.kakamigahara.lg.jp/,2021/3/1
可児市,https://www.city.kani.lg.jp/,2022/3/31
山県市,https://www.city.yamagata.gifu.jp/,2020/2/26
瑞穂市,https://www.city.mizuho.lg.jp/,2015/2/2
飛騨市,https://www.city.hida.gifu.jp/,2018/3/22
本巣市,https://www.city.motosu.lg.jp/,2020/2/1
郡上市,https://www.city.gujo.gifu.jp/,2027/3/1
下呂市,https://www.city.gero.lg.jp/,2021/3/29
海津市,https://www.city.kaizu.lg.jp/,2020/2/3
岐南町,https://www.town.ginan.lg.jp/,2020/2/1
笠松町,https://www.town.kasamatsu.gifu.jp/,2024/9/21
養老町,https://www.town.yoro.gifu.jp/,2026/3/10
垂井町,https://www.town.tarui.lg.jp/,2023/3/1
関ケ原町,https://www.town.sekigahara.gifu.jp/,2011/3/31
神戸町,https://www.town.godo.gifu.jp/,2024/5/1
輪之内町,https://town.wanouchi.gifu.jp/,2021/4/1
安八町,https://www.town.anpachi.lg.jp/,2022/3/25
揖斐川町,https://www.town.ibigawa.lg.jp/,2026/4/1
大野町,https://www.town-ono.jp/,2025/4/1
池田町,https://www.town.gifu-ikeda.lg.jp/,2022/3/31
北方町,https://www.town.kitagata.gifu.jp/,2025/3/25
坂祝町,https://www.town.sakahogi.gifu.jp/,2016/4/1
富加町,https://www.town.tomika.gifu.jp/,2019/4/22
川辺町,https://www.kawabe-gifu.jp/,2025/3/31
七宗町,https://www.hichiso.jp/,2021/4/1
八百津町,https://www.town.yaotsu.lg.jp/,2018/4/1
白川町,https://www.town.shirakawa.lg.jp/,2024/3/26
東白川村,https://www.vill.higashishirakawa.gifu.jp/,2016/12/26
御嵩町,https://www.town.mitake.lg.jp/,2020/3/31
白川村,https://www.vill.shirakawa.lg.jp/,2022/4/1
静岡県,https://www.pref.shizuoka.jp/,2023/1/31
静岡市,https://www.city.shizuoka.lg.jp/,2024/3/1
浜松市,https://www.city.hamamatsu.shizuoka.jp/,2021/4/1
沼津市,https://www.city.numazu.shizuoka.jp/,2024/12/23
熱海市,https://www.city.atami.lg.jp/,2017/4/3
三島市,https://www.city.mishima.shizuoka.jp/,2026/2/5
富士宮市,https://www.city.fujinomiya.lg.jp/,2025/5/21
伊東市,https://www.city.ito.shizuoka.jp/,2019/7/1
島田市,https://www.city.shimada.shizuoka.jp/,2021/3/31
富士市,https://www.city.fuji.shizuoka.jp/,2025/5/15
磐田市,https://www.city.iwata.shizuoka.jp/,2025/3/31
焼津市,https://www.city.yaizu.lg.jp/,2024/2/13
掛川市,https://www.city.kakegawa.shizuoka.jp/,2020/12/1
藤枝市,https://www.city.fujieda.shizuoka.jp/,2018/11/30
御殿場市,https://www.city.gotemba.lg.jp/,2019/9/25
袋井市,https://www.city.fukuroi.shizuoka.jp/,2021/5/31
下田市,https://www.city.shimoda.shizuoka.jp/,2023/3/6
裾野市,https://www.city.susono.shizuoka.jp/,2019/3/31
湖西市,https://www.city.kosai.shizuoka.jp/,2022/4/1
伊豆市,https://www.city.izu.shizuoka.jp/,2023/3/1
御前崎市,https://www.city.omaezaki.shizuoka.jp/,2018/3/29
菊川市,https://www.city.kikugawa.shizuoka.jp/,2025/3/27
伊豆の国市,https://www.city.izunokuni.shizuoka.jp/,2020/3/31
牧之原市,https://www.city.makinohara.shizuoka.jp/,2020/1/27
東伊豆町,https://www.town.higashiizu.shizuoka.jp/,2024/12/2
河津町,https://www.town.kawazu.shizuoka.jp/,2019/12/4
南伊豆町,https://www.town.minamiizu.shizuoka.jp/,2022/3/11
松崎町,https://www.town.matsuzaki.shizuoka.jp/,2022/3/30
西伊豆町,https://www.town.nishiizu.shizuoka.jp/,2014/4/1
函南町,https://www.town.kannami.shizuoka.jp/,2024/3/1
清水町,https://www.town.shimizu.shizuoka.jp/,2012/4/1
長泉町,https://www.town.nagaizumi.lg.jp/,2024/4/1
小山町,https://www.fuji-oyama.jp/,2026/3/17
吉田町,https://www.town.yoshida.shizuoka.jp/,2024/4/1
川根本町,https://www.town.kawanehon.shizuoka.jp/,2017/4/1
森町,https://www.town.morimachi.shizuoka.jp/,2023/4/1
愛知県,https://www.pref.aichi.jp/,2025/3/26
名古屋市,https://www.city.nagoya.jp/,2025/11/10
豊橋市,https://www.city.toyohashi.lg.jp/,2022/10/1
岡崎市,https://www.city.okazaki.lg.jp/,2026/3/10
一宮市,https://www.city.ichinomiya.aichi.jp/,2022/1/20
瀬戸市,https://www.city.seto.aichi.jp/,2023/3/27
半田市,https://www.city.handa.lg.jp/,2024/3/28
春日井市,https://www.city.kasugai.lg.jp/,2024/1/31
豊川市,https://www.city.toyokawa.lg.jp/,2025/1/30
津島市,https://www.city.tsushima.lg.jp/,2022/12/8
碧南市,https://www.city.hekinan.lg.jp/,2019/3/1
刈谷市,https://www.city.kariya.lg.jp/,2021/4/1
豊田市,https://www.city.toyota.aichi.jp/,2026/7/1
安城市,https://www.city.anjo.aichi.jp/,2025/3/1
西尾市,https://www.city.nishio.aichi.jp/,2021/6/1
蒲郡市,https://www.city.gamagori.lg.jp/,2020/3/2
犬山市,https://www.city.inuyama.aichi.jp/,2024/5/30
常滑市,https://www.city.tokoname.aichi.jp/,2023/4/1
江南市,https://www.city.konan.lg.jp/,2020/2/3
小牧市,https://www.city.komaki.aichi.jp/,2017/9/1
稲沢市,https://www.city.inazawa.aichi.jp/,2024/2/1
新城市,https://www.city.shinshiro.lg.jp/,2020/3/31
東海市,https://www.city.tokai.aichi.jp/,2023/3/29
大府市,https://www.city.obu.aichi.jp/,2020/3/31
知多市,https://www.city.chita.lg.jp/,2023/6/1
知立市,https://www.city.chiryu.aichi.jp/,2016/3/31
尾張旭市,https://www.city.owariasahi.lg.jp/,2023/3/1
高浜市,https://www.city.takahama.lg.jp/,2019/12/2
岩倉市,https://www.city.iwakura.aichi.jp/,2016/12/1
豊明市,https://www.city.toyoake.lg.jp/,2017/3/31
日進市,https://www.city.nisshin.lg.jp/,2020/3/31
田原市,https://www.city.tahara.aichi.jp/,2023/2/15
愛西市,https://www.city.aisai.lg.jp/,2024/6/27
清須市,https://www.city.kiyosu.aichi.jp/,2023/3/31
北名古屋市,https://www.city.kitanagoya.lg.jp/,2025/3/3
弥富市,https://www.city.yatomi.lg.jp/,2015/3/31
みよし市,https://www.city.aichi-miyoshi.lg.jp/,2024/12/24
あま市,https://www.city.ama.aichi.jp/,2018/4/2
長久手市,https://www.city.nagakute.lg.jp/,2023/3/31
東郷町,https://www.town.aichi-togo.lg.jp/,2022/3/1
豊山町,https://www.town.toyoyama.lg.jp/,2019/1/7
大口町,https://www.town.oguchi.lg.jp/,2021/6/8
扶桑町,https://www.town.fuso.lg.jp/,2022/3/29
大治町,https://www.town.oharu.aichi.jp/,2021/9/28
蟹江町,https://www.town.kanie.aichi.jp/,2020/3/3
飛島村,https://www.vill.tobishima.aichi.jp/,2026/2/24
阿久比町,https://www.town.agui.lg.jp/,2024/2/13
東浦町,https://www.town.aichi-higashiura.lg.jp/,2021/4/1
南知多町,https://www.town.minamichita.lg.jp/,2018/7/1
美浜町,https://www.town.aichi-mihama.lg.jp/,2020/2/27
武豊町,https://www.town.taketoyo.lg.jp/,2022/10/31
幸田町,https://www.town.kota.lg.jp/,2020/9/28
設楽町,https://www.town.shitara.lg.jp/,2022/7/7
東栄町,https://www.town.toei.aichi.jp/,2017/10/2
豊根村,https://www.vill.toyone.aichi.jp/,2024/4/1
三重県,https://www.pref.mie.lg.jp/,2017/3/31
津市,https://www.info.city.tsu.mie.jp/,2026/1/28
四日市市,https://www.city.yokkaichi.lg.jp/,2017/4/3
伊勢市,https://www.city.ise.mie.jp/,2020/1/30
松阪市,https://www.city.matsusaka.mie.jp/,2023/3/1
桑名市,https://www.city.kuwana.lg.jp/,2022/2/1
鈴鹿市,https://www.city.suzuka.lg.jp/,2024/3/1
名張市,https://www.city.nabari.lg.jp/,2021/4/1
尾鷲市,https://www.city.owase.lg.jp/,2022/10/1
亀山市,https://www.city.kameyama.mie.jp/,2021/3/29
鳥羽市,https://www.city.toba.mie.jp/,2022/3/31
熊野市,https://www.city.kumano.lg.jp/,2023/4/1
いなべ市,https://www.city.inabe.mie.jp/,2017/2/1
志摩市,https://www.city.shima.mie.jp/,2023/1/10
伊賀市,https://www.city.iga.lg.jp/,2017/3/31
木曽岬町,https://www.town.kisosaki.lg.jp/,2022/10/1
東員町,https://www.town.toin.lg.jp/,2024/3/29
菰野町,https://www.town.komono.mie.jp/,2026/3/31
朝日町,https://www2.town.asahi.mie.jp/,2023/1/31
川越町,https://www.town.kawagoe.mie.jp/,2024/3/25
多気町,https://www.town.taki.mie.jp/,2021/3/29
明和町,https://www.town.meiwa.mie.jp/,2023/3/16
大台町,https://www.odaitown.jp/,2021/7/1
玉城町,https://kizuna.town.tamaki.mie.jp/,2024/3/31
度会町,https://www.town.watarai.lg.jp/,2018/4/1
大紀町,https://www.town.taiki.mie.jp/,2024/4/4
南伊勢町,https://www.town.minamiise.lg.jp/,2018/3/23
紀北町,https://www.town.mie-kihoku.lg.jp/,2018/10/1
御浜町,https://www.town.mihama.mie.jp/,2021/4/1
紀宝町,https://www.town.kiho.lg.jp/,2018/3/28
滋賀県,https://www.pref.shiga.lg.jp/,2026/9/1
大津市,https://www.city.otsu.lg.jp/,2025/1/27
彦根市,https://www.city.hikone.lg.jp/,2024/12/1
長浜市,https://www.city.nagahama.lg.jp/,2022/7/1
近江八幡市,https://www.city.omihachiman.lg.jp/,2020/1/31
草津市,https://www.city.kusatsu.shiga.jp/,2018/12/1
守山市,https://www.city.moriyama.lg.jp/,2023/9/1
栗東市,https://www.city.ritto.lg.jp/,2022/3/31
甲賀市,https://www.city.koka.lg.jp/,2022/3/25
野洲市,https://www.city.yasu.lg.jp/,2025/2/28
湖南市,https://www.city.shiga-konan.lg.jp/,2019/7/1
高島市,https://www.city.takashima.lg.jp/,2023/3/31
東近江市,https://www.city.higashiomi.shiga.jp/,2025/1/30
米原市,https://www.city.maibara.lg.jp/,2024/7/1
日野町,https://www.town.shiga-hino.lg.jp/,2022/12/19
竜王町,https://www.town.ryuoh.shiga.jp/,2024/3/31
愛荘町,https://www.town.aisho.shiga.jp/,2019/12/25
豊郷町,https://www.town.toyosato.shiga.jp/,2022/3/1
甲良町,https://www.kouratown.jp/,2020/4/1
多賀町,https://www.town.taga.lg.jp/,2026/3/31
京都府,https://www.pref.kyoto.jp/,2021/3/31
京都市,https://www.city.kyoto.lg.jp/,2019/4/1
福知山市,https://www.city.fukuchiyama.lg.jp/,2019/2/27
舞鶴市,https://www.city.maizuru.kyoto.jp/,2021/4/13
綾部市,https://www.city.ayabe.lg.jp/,2023/2/1
宇治市,https://www.city.uji.kyoto.jp/,2020/4/1
宮津市,https://www.city.miyazu.kyoto.jp/,2021/3/22
亀岡市,https://www.city.kameoka.kyoto.jp/,2021/10/28
城陽市,https://www.city.joyo.kyoto.jp/,2023/4/1
向日市,https://www.city.muko.kyoto.jp/,2025/3/18
長岡京市,https://www.city.nagaokakyo.lg.jp/,2023/1/23
八幡市,https://www.city.yawata.kyoto.jp/,2024/4/1
京田辺市,https://www.city.kyotanabe.lg.jp/,2021/12/8
京丹後市,https://www.city.kyotango.lg.jp/,2018/4/1
南丹市,https://www.city.nantan.kyoto.jp/www/,2018/11/26
木津川市,https://www.city.kizugawa.lg.jp/,2026/1/15
大山崎町,https://www.town.oyamazaki.kyoto.jp/,2017/3/31
久御山町,https://www.town.kumiyama.lg.jp/,2022/3/14
井手町,https://www.town.ide.kyoto.jp/,2022/6/24
宇治田原町,https://www.town.ujitawara.kyoto.jp/,2022/3/31
笠置町,https://www.town.kasagi.lg.jp/,2023/4/1
和束町,https://www.town.wazuka.lg.jp/,2021/4/1
精華町,https://www.town.seika.kyoto.jp/,2021/1/28
南山城村,https://www.vill.minamiyamashiro.lg.jp/,2021/3/31
京丹波町,https://www.town.kyotamba.kyoto.jp/,2022/4/1
伊根町,https://www.town.ine.kyoto.jp/,2022/12/20
与謝野町,https://www.town.yosano.lg.jp/,2021/4/26
大阪府,https://www.pref.osaka.lg.jp/,2024/5/28
大阪市,https://www.city.osaka.lg.jp/,2028/1/1
堺市,https://www.city.sakai.lg.jp/,2022/1/24
岸和田市,https://www.city.kishiwada.osaka.jp/,2025/3/13
豊中市,https://www.city.toyonaka.osaka.jp/,2024/12/1
池田市,https://www.city.ikeda.osaka.jp/,2021/2/1
吹田市,https://www.city.suita.osaka.jp/,2022/10/3
泉大津市,https://www.city.izumiotsu.lg.jp/,2023/8/1
高槻市,https://www.city.takatsuki.osaka.jp/,2022/3/22
貝塚市,https://www.city.kaizuka.lg.jp/,2024/11/14
守口市,https://www.city.moriguchi.osaka.jp/,2023/3/1
枚方市,https://www.city.hirakata.osaka.jp/,2022/3/25
茨木市,https://www.city.ibaraki.osaka.jp/,2021/12/15
八尾市,https://www.city.yao.osaka.jp/,2025/2/27
泉佐野市,https://www.city.izumisano.lg.jp/,2024/8/30
富田林市,https://www.city.tondabayashi.lg.jp/,2018/3/28
寝屋川市,https://www.city.neyagawa.osaka.jp/,2021/7/1
河内長野市,https://www.city.kawachinagano.lg.jp/,2019/1/18
松原市,https://www.city.matsubara.lg.jp/,2024/1/1
大東市,https://www.city.daito.lg.jp/,2021/3/1
和泉市,https://www.city.osaka-izumi.lg.jp/,2020/3/2
箕面市,https://www.city.minoh.lg.jp/,2018/3/1
柏原市,https://www.city.kashiwara.lg.jp/,2025/2/27
羽曳野市,https://www.city.habikino.lg.jp/,2024/1/19
門真市,https://www.city.kadoma.osaka.jp/,2023/11/1
摂津市,https://www.city.settsu.osaka.jp/,2018/3/30
高石市,https://www.city.takaishi.lg.jp/,2022/7/1
藤井寺市,https://www.city.fujiidera.lg.jp/,2018/3/29
東大阪市,https://www.city.higashiosaka.lg.jp/,2022/4/1
泉南市,https://www.city.sennan.lg.jp/,2016/3/31
四條畷市,https://www.city.shijonawate.lg.jp/,2025/3/25
交野市,https://www.city.katano.osaka.jp/,2018/3/22
大阪狭山市,https://www.city.osakasayama.osaka.jp/,2023/10/31
阪南市,https://www.city.hannan.lg.jp/,2021/3/30
島本町,https://www.town.shimamoto.lg.jp/,2022/3/29
豊能町,https://www.town.toyono.osaka.jp/,2022/3/31
能勢町,https://www.town.nose.osaka.jp/,2017/6/30
忠岡町,https://www.town.tadaoka.osaka.jp/,2023/3/28
熊取町,https://www.town.kumatori.lg.jp/,2022/2/15
田尻町,https://www.town.tajiri.osaka.jp/,2022/7/1
岬町,https://www.town.misaki.osaka.jp/,2018/3/31
太子町,https://www.town.taishi.osaka.jp/,2021/4/1
河南町,https://www.town.kanan.osaka.jp/,2022/9/30
千早赤阪村,https://www.vill.chihayaakasaka.osaka.jp/,2019/3/1
兵庫県,https://web.pref.hyogo.lg.jp/,2026/11/1
神戸市,https://www.city.kobe.lg.jp/,2025/3/17
姫路市,https://www.city.himeji.lg.jp/,2024/9/24
尼崎市,https://www.city.amagasaki.hyogo.jp/,2023/4/1
明石市,https://www.city.akashi.lg.jp/,2025/2/12
西宮市,https://www.nishi.or.jp/,2023/10/1
洲本市,https://www.city.sumoto.lg.jp/,2019/3/31
芦屋市,https://www.city.ashiya.lg.jp/,2015/2/1
伊丹市,https://www.city.itami.lg.jp/,2025/1/7
相生市,https://www.city.aioi.lg.jp/,2022/9/26
豊岡市,https://www.city.toyooka.lg.jp/,2018/5/28
加古川市,https://www.city.kakogawa.lg.jp/,2024/6/27
赤穂市,https://www.city.ako.lg.jp/,2014/4/1
西脇市,https://www.city.nishiwaki.lg.jp/,2021/4/1
宝塚市,https://www.city.takarazuka.hyogo.jp/,2025/12/1
三木市,https://www.city.miki.lg.jp/,2019/3/4
高砂市,https://www.city.takasago.lg.jp/,2021/10/29
川西市,https://www.city.kawanishi.hyogo.jp/,2020/12/25
小野市,https://www.city.ono.hyogo.jp/,2022/4/1
三田市,https://www.city.sanda.lg.jp/,2022/3/31
加西市,https://www.city.kasai.hyogo.jp/,2021/3/10
丹波篠山市,https://www.city.tambasasayama.lg.jp/,2020/4/1
養父市,https://www.city.yabu.hyogo.jp/,2026/2/1
丹波市,https://www.city.tamba.lg.jp/,2024/3/19
南あわじ市,https://www.city.minamiawaji.hyogo.jp/,2025/2/18
朝来市,https://www.city.asago.hyogo.jp/,2023/3/29
淡路市,https://www.city.awaji.lg.jp/,2012/2/24
宍粟市,https://www.city.shiso.lg.jp/,2019/3/25
加東市,https://www.city.kato.lg.jp/,2023/2/28
たつの市,https://www.city.tatsuno.lg.jp/,2025/3/31
猪名川町,https://www.town.inagawa.lg.jp/,2024/10/1
多可町,https://www.town.taka.lg.jp/,2019/4/1
稲美町,https://www.town.hyogo-inami.lg.jp/,2023/12/25
播磨町,https://www.town.harima.lg.jp/,2025/1/1
市川町,https://www.town.ichikawa.lg.jp/,2019/7/1
福崎町,https://www.town.fukusaki.hyogo.jp/,2016/10/1
神河町,https://www.town.kamikawa.hyogo.jp/,2023/3/31
太子町,https://www.town.hyogo-taishi.lg.jp/,2015/4/1
上郡町,https://www.town.kamigori.hyogo.jp/,2022/3/1
佐用町,https://www.town.sayo.lg.jp/,2018/3/19
香美町,https://www.town.mikata-kami.lg.jp/,2026/4/1
新温泉町,https://www.town.shinonsen.hyogo.jp/,2024/1/1
奈良県,https://www.pref.nara.jp/,2026/3/31
奈良市,https://www.city.nara.lg.jp/,2025/2/20
大和高田市,https://www.city.yamatotakada.nara.jp/,2022/1/21
大和郡山市,https://www.city.yamatokoriyama.lg.jp/,2021/3/19
天理市,https://www.city.tenri.nara.jp/,2014/1/7
橿原市,https://www.city.kashihara.nara.jp/,2023/3/28
桜井市,https://www.city.sakurai.lg.jp/,2022/3/1
五條市,https://www.city.gojo.lg.jp/,2019/1/7
御所市,https://www.city.gose.nara.jp/,2022/6/1
生駒市,https://www.city.ikoma.lg.jp/,2021/3/3
香芝市,https://www.city.kashiba.lg.jp/,2025/12/1
葛城市,https://www.city.katsuragi.nara.jp/,2021/3/1
宇陀市,https://www.city.uda.nara.jp/,2025/3/27
山添村,https://www.vill.yamazoe.nara.jp/,2019/4/1
平群町,https://www.town.heguri.nara.jp/,2021/3/29
三郷町,https://www.town.sango.nara.jp/,2022/3/24
斑鳩町,https://www.town.ikaruga.nara.jp/,2022/3/1
安堵町,https://www.town.ando.nara.jp/,2022/3/15
川西町,https://www.town.nara-kawanishi.lg.jp/,2017/4/1
三宅町,https://www.town.miyake.lg.jp/,2024/3/25
田原本町,https://www.town.tawaramoto.nara.jp/,2017/3/21
曽爾村,https://www.vill.soni.nara.jp/,2026/2/15
御杖村,https://www.vill.mitsue.nara.jp/,2019/6/28
高取町,https://www.town.takatori.nara.jp/,2024/4/1
明日香村,https://www.asukamura.jp/,2022/4/1
上牧町,https://www.town.kanmaki.nara.jp/,2022/4/1
王寺町,https://www.town.oji.nara.jp/,2022/12/22
広陵町,https://www.town.koryo.nara.jp/,2025/2/27
河合町,https://www.town.kawai.nara.jp/,2021/6/30
吉野町,https://www.town.yoshino.nara.jp/,2025/3/1
大淀町,https://www.town.oyodo.lg.jp/,2015/4/1
下市町,https://www.town.shimoichi.lg.jp/,2016/4/1
黒滝村,https://www.vill.kurotaki.nara.jp/,2023/3/27
天川村,https://www.vill.tenkawa.nara.jp/,2020/11/1
野迫川村,https://www.vill.nosegawa.nara.jp/,2019/1/29
十津川村,https://www.vill.totsukawa.lg.jp/,2018/4/10
下北山村,https://www.vill.shimokitayama.nara.jp/,2018/4/1
上北山村,https://www.vill.kamikitayama.nara.jp/,2024/1/1
川上村,https://www.vill.kawakami.nara.jp/,2024/7/31
東吉野村,http://www.vill.higashiyoshino.nara.jp/,2019/12/1
和歌山県,https://www.pref.wakayama.lg.jp/,2024/3/21
和歌山市,https://www.city.wakayama.wakayama.jp/,2016/3/1
海南市,https://www.city.kainan.lg.jp/,2021/3/1
橋本市,https://www.city.hashimoto.lg.jp/,2022/4/20
有田市,https://www.city.arida.lg.jp/,2018/9/27
御坊市,https://www.city.gobo.lg.jp/,2014/3/31
田辺市,https://www.city.tanabe.lg.jp/,2026/2/27
新宮市,https://www.city.shingu.lg.jp/,2022/3/23
紀の川市,https://www.city.kinokawa.lg.jp/,2024/12/12
岩出市,https://www.city.iwade.lg.jp/,2016/3/31
紀美野町,https://www.town.kimino.wakayama.jp/,2023/3/31
かつらぎ町,https://www.town.katsuragi.wakayama.jp/,2021/4/1
九度山町,https://www.town.kudoyama.lg.jp/,2024/12/1
高野町,https://www.town.koya.wakayama.jp/,2019/9/1
湯浅町,https://www.town.yuasa.wakayama.jp/,2022/3/16
広川町,https://www.town.hirogawa.wakayama.jp/,2021/3/31
有田川町,https://www.town.aridagawa.lg.jp/,2019/3/15
美浜町,http://www.town.mihama.wakayama.jp/,2014/2/1
日高町,http://www.town.wakayama-hidaka.lg.jp/,2014/8/1
由良町,http://www.town.yura.wakayama.jp/,2014/2/1
印南町,https://www.town.wakayama-inami.lg.jp/,2022/11/1
みなべ町,https://www.town.minabe.lg.jp/,2024/3/7
日高川町,https://www.town.hidakagawa.lg.jp/,2023/3/15
白浜町,https://www.town.shirahama.wakayama.jp/,2024/4/1
上富田町,https://www.town.kamitonda.lg.jp/,2017/12/1
すさみ町,https://www.town.susami.lg.jp/,2025/2/1
那智勝浦町,https://www.town.nachikatsuura.wakayama.jp/,2020/6/1
太地町,https://www.town.taiji.wakayama.jp/,2021/4/1
古座川町,https://www.town.kozagawa.lg.jp/,2016/4/1
北山村,https://www.vill.kitayama.wakayama.jp/,2018/5/1
串本町,https://www.town.kushimoto.wakayama.jp/,2021/8/1
鳥取県,https://www.pref.tottori.lg.jp/,2023/3/27
鳥取市,https://www.city.tottori.lg.jp/,2026/3/17
米子市,https://www.city.yonago.lg.jp/,2020/2/19
倉吉市,https://www.city.kurayoshi.lg.jp/,2024/4/1
境港市,https://www.city.sakaiminato.lg.jp/,2019/11/1
岩美町,https://www.iwami.gr.jp/,2022/4/1
若桜町,https://www.town.wakasa.tottori.jp/,2023/3/31
智頭町,https://www1.town.chizu.tottori.jp/,2021/4/1
八頭町,https://www.town.yazu.tottori.jp/,2023/3/23
三朝町,https://www.town.misasa.tottori.jp/,2020/4/1
湯梨浜町,https://www.yurihama.jp/,2019/4/1
琴浦町,https://www.town.kotoura.tottori.jp/,2020/4/1
北栄町,https://www.e-hokuei.net/,2026/4/1
日吉津村,https://www.hiezu.jp/,2026/3/31
大山町,https://www.daisen.jp/,2020/4/1
南部町,https://www.town.nanbu.tottori.jp/,2024/3/21
伯耆町,https://www.houki-town.jp/,2016/4/1
日南町,https://www.town.nichinan.lg.jp/,2021/4/1
日野町,https://www.town.hino.tottori.jp/,2014/2/1
江府町,https://www.town-kofu.jp/,2016/4/1
島根県,https://www.pref.shimane.lg.jp/,2025/3/31
松江市,https://www.city.matsue.lg.jp/,2023/2/1
浜田市,https://www.city.hamada.shimane.jp/,2022/4/1
出雲市,https://www.city.izumo.shimane.jp/,2023/2/28
益田市,https://www.city.masuda.lg.jp/,2022/2/15
大田市,https://www.city.oda.lg.jp/,2020/3/31
安来市,https://www.city.yasugi.shimane.jp/,2018/3/1
江津市,https://www.city.gotsu.lg.jp/,2017/3/31
雲南市,https://www.city.unnan.shimane.jp/,2017/4/1
奥出雲町,https://www.town.okuizumo.shimane.jp/,2019/4/1
飯南町,https://www.iinan.jp/,2022/3/24
川本町,https://www.town.shimane-kawamoto.lg.jp/,2025/3/31
美郷町,https://www.town.shimane-misato.lg.jp/,2019/10/1
邑南町,https://www.town.ohnan.lg.jp/,2016/4/1
津和野町,https://www.town.tsuwano.lg.jp/,2026/11/30
吉賀町,https://www.town.yoshika.lg.jp/,2015/3/31
海士町,https://www.town.ama.shimane.jp/,2025/3/31
西ノ島町,https://www.town.nishinoshima.shimane.jp/,2024/3/28
知夫村,http://www.vill.chibu.lg.jp/,2016/12/1
隠岐の島町,https://www.town.okinoshima.shimane.jp/,2026/2/27
岡山県,https://www.pref.okayama.jp/,2022/12/23
岡山市,https://www.city.okayama.jp/,2024/9/3
倉敷市,https://www.city.kurashiki.okayama.jp/,2025/3/5
津山市,https://www.city.tsuyama.lg.jp/,2024/11/18
玉野市,https://www.city.tamano.lg.jp/,2024/4/1
笠岡市,https://www.city.kasaoka.okayama.jp/,2024/2/6
井原市,https://www.city.ibara.okayama.jp/,2024/4/23
総社市,https://www.city.soja.okayama.jp/,2026/2/25
高梁市,https://www.city.takahashi.lg.jp/,2023/4/1
新見市,https://www.city.niimi.okayama.jp/,2023/4/1
備前市,https://www.city.bizen.okayama.jp/,2020/2/17
瀬戸内市,https://www.city.setouchi.lg.jp/,2021/3/23
赤磐市,https://www.city.akaiwa.lg.jp/,2018/3/1
真庭市,https://www.city.maniwa.lg.jp/,2018/3/17
美作市,https://www.city.mimasaka.lg.jp/,2023/4/5
浅口市,https://www.city.asakuchi.lg.jp/,2024/3/26
和気町,https://www.town.wake.lg.jp/,2024/3/18
早島町,https://www.town.hayashima.lg.jp/,2023/3/1
里庄町,https://www.town.satosho.okayama.jp/,2018/3/29
矢掛町,http://www.town.yakage.okayama.jp/,2015/4/1
新庄村,http://www.vill.shinjo.okayama.jp/,2016/4/1
鏡野町,https://www.town.kagamino.lg.jp/,2024/3/28
勝央町,https://www.town.shoo.lg.jp/,2025/3/26
奈義町,https://www.town.nagi.okayama.jp/,2016/3/31
西粟倉村,https://www.vill.nishiawakura.okayama.jp/,2014/3/31
久米南町,https://www.town.kumenan.lg.jp/,2024/1/4
美咲町,https://www.town.misaki.okayama.jp/,2026/3/2
吉備中央町,https://www.town.kibichuo.lg.jp/,2024/3/1
広島県,https://www.pref.hiroshima.lg.jp/,2018/3/1
広島市,https://www.city.hiroshima.lg.jp/,2025/2/26
呉市,https://www.city.kure.lg.jp/,2016/2/10
竹原市,https://www.city.takehara.lg.jp/,2022/1/14
三原市,https://www.city.mihara.hiroshima.jp/,2020/3/24
尾道市,https://www.city.onomichi.hiroshima.jp/,2023/3/1
福山市,https://www.city.fukuyama.hiroshima.jp/,2018/3/8
府中市,https://www.city.fuchu.hiroshima.jp/,2023/3/18
三次市,https://www.city.miyoshi.hiroshima.jp/,2022/1/26
庄原市,https://www.city.shobara.hiroshima.jp/,2017/2/28
大竹市,https://www.city.otake.hiroshima.jp/,2020/4/1
東広島市,https://www.city.higashihiroshima.lg.jp/,2016/12/1
廿日市市,https://www.city.hatsukaichi.hiroshima.jp/,2020/4/1
安芸高田市,https://www.akitakata.jp/,2024/4/1
江田島市,https://www.city.etajima.hiroshima.jp/,2013/31
府中町,https://www.town.fuchu.hiroshima.jp/,2021/10/25
海田町,https://www.town.kaita.lg.jp/,2020/11/12
熊野町,https://www.town.kumano.hiroshima.jp/,2026/3/31
坂町,https://www.town.saka.lg.jp/,2022/7/29
安芸太田町,https://www.akiota.jp/,2021/11/1
北広島町,https://www.town.kitahiroshima.lg.jp/,2018/6/1
大崎上島町,https://www.town.osakikamijima.hiroshima.jp/,2020/4/1
世羅町,https://www.town.sera.hiroshima.jp/,2021/4/1
神石高原町,https://www.jinsekigun.jp/,2025/6/1
山口県,https://www.pref.yamaguchi.lg.jp/,2022/3/31
下関市,https://www.city.shimonoseki.lg.jp/,2022/3/15
宇部市,https://www.city.ube.yamaguchi.jp/,2021/3/1
山口市,https://www.city.yamaguchi.lg.jp/,2018/3/1
萩市,https://www.city.hagi.lg.jp/,2019/10/31
防府市,https://www.city.hofu.yamaguchi.jp/,2025/12/24
下松市,https://www.city.kudamatsu.lg.jp/,2024/3/27
岩国市,https://www.city.iwakuni.lg.jp/,2024/3/28
光市,https://www.city.hikari.lg.jp/,2020/3/2
長門市,https://www.city.nagato.yamaguchi.jp/,2023/2/28
柳井市,https://www.city-yanai.jp/,2022/6/3
美祢市,https://www2.city.mine.lg.jp/,2020/10/1
周南市,https://www.city.shunan.lg.jp/,2017/9/29
山陽小野田市,https://www.city.sanyo-onoda.lg.jp/,2019/4/25
周防大島町,https://www.town.suo-oshima.lg.jp/,2024/2/27
和木町,https://www.town.waki.lg.jp/,2020/11/16
上関町,https://www.town.kaminoseki.lg.jp/,2017/4/1
田布施町,https://www.town.tabuse.lg.jp/,2025/3/31
平生町,https://www.town.hirao.lg.jp/,2024/3/29
阿武町,https://www.town.abu.lg.jp/,2018/4/1
徳島県,https://www.pref.tokushima.lg.jp/,2017/11/20
徳島市,https://www.city.tokushima.tokushima.jp/,2016/4/1
鳴門市,https://www.city.naruto.tokushima.jp/,2026/3/16
小松島市,https://www.city.komatsushima.lg.jp/,2017/3/22
阿南市,https://www.city.anan.tokushima.jp/,2017/3/17
吉野川市,https://www.city.yoshinogawa.lg.jp/,2022/12/15
阿波市,https://www.city.awa.lg.jp/,2026/2/19
美馬市,https://www.city.mima.lg.jp/,2022/3/1
三好市,https://www.miyoshi.i-tokushima.jp/,2017/3/27
勝浦町,https://www.town.katsuura.lg.jp/,2020/3/26
上勝町,http://www.kamikatsu.jp/,2017/3/24
佐那河内村,https://www.vill.sanagochi.lg.jp/,2020/4/1
石井町,https://www.town.ishii.lg.jp/,2019/1/9
神山町,https://www.town.kamiyama.lg.jp/,2026/1/21
那賀町,https://www.town.tokushima-naka.lg.jp/,2025/1/30
牟岐町,https://www.town.tokushima-mugi.lg.jp/,2025/2/26
美波町,https://www.town.minami.lg.jp/,2020/2/27
海陽町,https://www.town.kaiyo.lg.jp/,2017/3/10
松茂町,https://www.town.matsushige.tokushima.jp/,2017/3/15
北島町,https://www.town.kitajima.lg.jp/,2014/10/1
藍住町,https://www.town.aizumi.lg.jp/,2017/3/15
板野町,http://www.town.itano.tokushima.jp/,2018/4/1
上板町,https://www.townkamiita.jp/,2017/3/24
つるぎ町,https://www.town.tokushima-tsurugi.lg.jp/,2025/3/14
東みよし町,https://www.town.higashimiyoshi.lg.jp/,2017/3/16
香川県,https://www.pref.kagawa.lg.jp/,2021/1/1
高松市,https://www.city.takamatsu.kagawa.jp/,2018/3/2
丸亀市,https://www.city.marugame.lg.jp/,2023/3/15
坂出市,https://www.city.sakaide.lg.jp/,2025/12/1
善通寺市,https://www.city.zentsuji.kagawa.jp/,2023/12/25
観音寺市,https://www.city.kanonji.kagawa.jp/,2024/1/25
さぬき市,https://www.city.sanuki.lg.jp/,2026/2/2
東かがわ市,https://www.higashikagawa.jp/,2022/3/31
三豊市,https://www.city.mitoyo.lg.jp/,2020/3/2
土庄町,https://www.town.tonosho.kagawa.jp/,2020/3/2
小豆島町,https://www.town.shodoshima.lg.jp/,2020/3/13
三木町,https://www.town.miki.lg.jp/,2022/4/1
直島町,https://www.town.naoshima.lg.jp/,2024/3/28
宇多津町,https://www.town.utazu.lg.jp/,2025/3/17
綾川町,https://www.town.ayagawa.lg.jp/,2024/2/26
琴平町,https://www.town.kotohira.kagawa.jp/,2020/4/2
多度津町,https://www.town.tadotsu.kagawa.jp/,2022/3/15
まんのう町,https://www.town.manno.lg.jp/,2025/3/4
愛媛県,https://www.pref.ehime.jp/,2024/2/28
松山市,https://www.city.matsuyama.ehime.jp/,2024/3/30
今治市,https://www.city.imabari.ehime.jp/,2017/4/1
宇和島市,https://www.city.uwajima.ehime.jp/,2020/11/25
八幡浜市,https://www.city.yawatahama.ehime.jp/,2022/12/23
新居浜市,https://www.city.niihama.lg.jp/,2021/6/1
西条市,https://www.city.saijo.ehime.jp/,2022/3/10
大洲市,https://www.city.ozu.ehime.jp/,2024/2/29
伊予市,https://www.city.iyo.lg.jp/,2015/4/1
四国中央市,https://www.city.shikokuchuo.ehime.jp/,2020/11/30
西予市,https://www.city.seiyo.ehime.jp/,2018/3/31
東温市,https://www.city.toon.ehime.jp/,2020/3/30
上島町,https://www.town.kamijima.lg.jp/,2026/4/1
久万高原町,https://www.kumakogen.jp/,2020/4/1
松前町,https://www.town.masaki.ehime.jp/,2019/1/31
砥部町,https://www.town.tobe.ehime.jp/,2024/4/1
内子町,https://www.town.uchiko.ehime.jp/,2022/3/16
伊方町,https://www.town.ikata.ehime.jp/,2020/11/6
松野町,https://www.town.matsuno.ehime.jp/,2010/4/1
鬼北町,https://www.town.kihoku.ehime.jp/,2023/11/21
愛南町,https://www.town.ainan.ehime.jp/,2015/3/13
高知県,https://www.pref.kochi.lg.jp/,2024/2/29
高知市,https://www.city.kochi.kochi.jp/,2026/3/2
室戸市,https://www.city.muroto.kochi.jp/,2019/4/1
安芸市,https://www.city.aki.kochi.jp/,2021/4/1
南国市,https://www.city.nankoku.lg.jp/,2025/3/10
土佐市,https://www.city.tosa.lg.jp/,2023/3/10
須崎市,https://www.city.susaki.lg.jp/,2019/12/1
宿毛市,https://www.city.sukumo.kochi.jp/,2018/10/1
土佐清水市,https://www.city.tosashimizu.kochi.jp/,2016/3/15
四万十市,https://www.city.shimanto.lg.jp/,2022/3/22
香南市,https://www.city.kochi-konan.lg.jp/,2022/3/31
香美市,https://www.city.kami.lg.jp/,2025/3/11
東洋町,http://www.town.toyo.kochi.jp/,2025/2/1
奈半利町,https://www.town.nahari.kochi.jp/,2023/2/28
田野町,https://tanocho.jp/,2025/3/10
安田町,https://www.town.yasuda.kochi.jp/,2019/4/1
北川村,https://www.kitagawamura.jp/,2026/1/1
馬路村,https://vill.umaji.lg.jp/,2020/4/1
芸西村,https://www.vill.geisei.kochi.jp/,2022/4/1
本山町,https://www.town.motoyama.kochi.jp,2021/11/1
大豊町,https://www.town.otoyo.kochi.jp/,2021/12/1
土佐町,http://www.town.tosa.kochi.jp/,2026/2/20
大川村,https://www.vill.okawa.kochi.jp/,2016/3/31
いの町,https://www.town.ino.kochi.jp/,2020/6/1
仁淀川町,https://www.town.niyodogawa.lg.jp/,2020/4/1
中土佐町,https://www.town.nakatosa.lg.jp/,2016/4/1
佐川町,https://www.town.sakawa.lg.jp/,2020/4/1
越知町,https://www.town.ochi.kochi.jp/,2025/3/31
梼原町,https://www.town.yusuhara.lg.jp/,2025/3/19
日高村,https://www.vill.hidaka.kochi.jp/,2017/7/1
津野町,https://town.kochi-tsuno.lg.jp/,2017/3/25
四万十町,https://www.town.shimanto.lg.jp/,2024/3/27
大月町,https://www.town.otsuki.kochi.jp/,2018/4/1
三原村,https://www.vill.mihara.kochi.jp/,2025/3/31
黒潮町,https://www.town.kuroshio.lg.jp/,2019/5/1
福岡県,https://www.pref.fukuoka.lg.jp/,2020/4/1
北九州市,https://www.city.kitakyushu.lg.jp/,2019/2/11
福岡市,https://www.city.fukuoka.lg.jp/,2021/3/1
大牟田市,https://www.city.omuta.lg.jp/,2023/4/1
久留米市,https://www.city.kurume.fukuoka.jp/,2020/10/1
直方市,https://www.city.nogata.fukuoka.jp/,2018/11/1
飯塚市,https://www.city.iizuka.lg.jp/,2026/3/3
田川市,https://www.joho.tagawa.fukuoka.jp/,2023/11/1
柳川市,https://www.city.yanagawa.fukuoka.jp/,2023/3/1
八女市,https://www.city.yame.fukuoka.jp/,2021/1/1
筑後市,https://www.city.chikugo.lg.jp/,2025/3/1
大川市,https://www.city.okawa.lg.jp/,2015/4/1
行橋市,https://www.city.yukuhashi.fukuoka.jp/,2023/2/1
豊前市,https://www.city.buzen.lg.jp/,2019/4/1
中間市,https://www.city.nakama.lg.jp/,2023/2/21
小郡市,https://www.city.ogori.fukuoka.jp/,2019/3/26
筑紫野市,https://www.city.chikushino.fukuoka.jp/,2021/3/17
春日市,https://www.city.kasuga.fukuoka.jp/,2026/12/1
大野城市,https://www.city.onojo.fukuoka.jp/,2026/4/1
宗像市,https://www.city.munakata.lg.jp/,2025/3/3
太宰府市,https://www.city.dazaifu.lg.jp/,2021/8/31
古賀市,https://www.city.koga.fukuoka.jp/,2018/4/1
福津市,https://www.city.fukutsu.lg.jp/,2020/3/31
うきは市,https://www.city.ukiha.fukuoka.jp/,2022/3/9
宮若市,https://www.city.miyawaka.lg.jp/,2017/3/1
嘉麻市,https://www.city.kama.lg.jp/,2020/4/1
朝倉市,https://www.city.asakura.lg.jp/,2026/3/31
みやま市,https://www.city.miyama.lg.jp/,2021/3/2
糸島市,https://www.city.itoshima.lg.jp/,2016/12/1
那珂川市,https://www.city.nakagawa.lg.jp/,2024/10/1
宇美町,https://www.town.umi.lg.jp/,2023/7/3
篠栗町,https://www.town.sasaguri.fukuoka.jp/,2024/3/22
志免町,https://www.town.shime.lg.jp/,2017/1/1
須恵町,https://www.town.sue.fukuoka.jp/,2021/11/1
新宮町,https://www.town.shingu.fukuoka.jp/,2023/3/15
久山町,https://www.town.hisayama.fukuoka.jp/,2022/4/1
粕屋町,https://www.town.kasuya.fukuoka.jp/,2020/3/10
芦屋町,https://www.town.ashiya.lg.jp/,2020/3/5
水巻町,https://www.town.mizumaki.lg.jp/,2021/3/25
岡垣町,https://www.town.okagaki.lg.jp/,2015/4/1
遠賀町,https://www.town.onga.lg.jp/,2021/12/1
小竹町,https://town.kotake.lg.jp/,2015/4/1
鞍手町,https://www.town.kurate.lg.jp/,2025/2/1
桂川町,https://www.town.keisen.fukuoka.jp/,2016/4/1
筑前町,https://www.town.chikuzen.fukuoka.jp/,2018/3/30
東峰村,https://vill.toho-info.com/,2023/3/23
大刀洗町,https://www.town.tachiarai.fukuoka.jp/,2025/3/3
大木町,https://www.town.ooki.lg.jp/,2020/4/1
広川町,https://www.town.hirokawa.fukuoka.jp/,2021/3/1
香春町,https://www.town.kawara.fukuoka.jp/,2018/1/4
添田町,https://www.town.soeda.fukuoka.jp/,2025/3/18
糸田町,https://www.town.itoda.lg.jp/,2014/4/1
川崎町,https://www.town-kawasaki.com/,2026/3/31
大任町,https://www.town.oto.fukuoka.jp/,2024/4/17
赤村,https://www.akamura.net/,2018/2/1
福智町,https://www.town.fukuchi.lg.jp/,2018/3/6
苅田町,https://www.town.kanda.lg.jp/,2024/3/14
みやこ町,https://www.town.miyako.lg.jp/,2022/3/22
吉富町,https://www.town.yoshitomi.lg.jp/,2019/5/14
上毛町,https://www.town.koge.lg.jp/,2020/4/1
築上町,https://www.town.chikujo.fukuoka.jp/,2019/4/1
佐賀県,https://www.pref.saga.lg.jp/,2016/7/7
佐賀市,https://www.city.saga.lg.jp/,2026/5/30
唐津市,https://www.city.karatsu.lg.jp/,2024/12/24
鳥栖市,https://www.city.tosu.lg.jp/,2021/2/25
多久市,https://www.city.taku.lg.jp/,2024/2/8
伊万里市,https://www.city.imari.lg.jp/,2024/3/1
武雄市,https://www.city.takeo.lg.jp/,2017/4/4
鹿島市,https://www.city.saga-kashima.lg.jp/,2019/4/1
小城市,https://www.city.ogi.lg.jp/,2020/4/1
嬉野市,https://www.city.ureshino.lg.jp/,2025/11/1
神埼市,https://www.city.kanzaki.saga.jp/,2023/3/1
吉野ヶ里町,https://www.town.yoshinogari.lg.jp/,2020/4/1
基山町,https://www.town.kiyama.lg.jp/,2024/1/1
上峰町,https://www.town.kamimine.lg.jp/,2021/1/1
みやき町,https://www.town.miyaki.lg.jp/,2018/8/1
玄海町,https://www.town.genkai.lg.jp/,2023/2/7
有田町,https://www.town.arita.lg.jp/,2024/3/27
大町町,https://www.town.omachi.lg.jp/,2023/3/1
江北町,https://www.town.kouhoku.saga.jp/,2019/2/1
白石町,https://www.town.shiroishi.lg.jp/,2016/4/1
太良町,https://www.town.tara.lg.jp/,2025/3/26
長崎県,https://www.pref.nagasaki.jp/,
長崎市,https://www.city.nagasaki.lg.jp/,2025/3/17
佐世保市,https://www.city.sasebo.lg.jp/,2014/3/31
島原市,https://www.city.shimabara.lg.jp/,
諫早市,https://www.city.isahaya.nagasaki.jp/,2023/3/1
大村市,https://www.city.omura.nagasaki.jp/,
平戸市,https://www.city.hirado.nagasaki.jp/,
松浦市,https://www.city-matsuura.jp/,2019/4/1
対馬市,https://www.city.tsushima.nagasaki.jp/,2021/4/1
壱岐市,https://www.city.iki.nagasaki.jp/,2024/3/1
五島市,https://www.city.goto.nagasaki.jp/,
西海市,https://www.city.saikai.nagasaki.jp/,
雲仙市,https://www.city.unzen.nagasaki.jp/,2021/12/1
南島原市,https://www.city.minamishimabara.lg.jp/,
長与町,https://webtown.nagayo.jp/,
時津町,https://www.town.togitsu.nagasaki.jp/,2019/3/1
東彼杵町,https://www.town.higashisonogi.lg.jp/,2021/3/29
川棚町,https://www.kawatana.jp/,
波佐見町,https://www.town.hasami.lg.jp/,2025/3/10
小値賀町,https://www.town.ojika.lg.jp/,2025/2/28
佐々町,https://www.sazacho-nagasaki.jp/,2018/4/1
新上五島町,https://official.shinkamigoto.net/,2025/2/3
熊本県,https://www.pref.kumamoto.jp/,2021/3/1
熊本市,https://www.city.kumamoto.jp/,2025/1/28
八代市,https://www.city.yatsushiro.lg.jp/,
人吉市,https://www.city.hitoyoshi.lg.jp/,2023/7/3
荒尾市,https://www.city.arao.lg.jp/,2021/12/24
水俣市,https://www.city.minamata.lg.jp/,
玉名市,https://www.city.tamana.lg.jp/,
山鹿市,https://www.city.yamaga.kumamoto.jp/,2022/11/1
菊池市,https://www.city.kikuchi.lg.jp/,2023/3/31
宇土市,https://www.city.uto.lg.jp/,2021/10/1
上天草市,https://www.city.kamiamakusa.kumamoto.jp/,
宇城市,https://www.city.uki.kumamoto.jp/,2022/5/9
阿蘇市,https://www.city.aso.kumamoto.jp/,
天草市,https://www.city.amakusa.kumamoto.jp/,
合志市,https://www.city.koshi.lg.jp/,
美里町,https://www.town.kumamoto-misato.lg.jp/,2024/3/1
玉東町,https://www.town.gyokuto.kumamoto.jp/,
南関町,https://www.town.nankan.lg.jp/,2023/4/1
長洲町,https://www.town.nagasu.lg.jp/,2025/2/3
和水町,https://www.town.nagomi.lg.jp/,2025/3/3
大津町,https://www.town.ozu.kumamoto.jp/,2024/2/29
菊陽町,https://www.town.kikuyo.lg.jp/,
南小国町,https://www.town.minamioguni.lg.jp/,2020/4/1
小国町,https://www.town.kumamoto-oguni.lg.jp/,2025/4/1
産山村,https://www.ubuyama-v.jp/,2021/11/30
高森町,https://www.town.takamori.kumamoto.jp/,2025/4/1
西原村,https://www.vill.nishihara.kumamoto.jp/,2023/3/1
南阿蘇村,https://www.vill.minamiaso.lg.jp/,2021/7/1
御船町,https://www.town.mifune.kumamoto.jp/,
嘉島町,https://www.town.kumamoto-kashima.lg.jp/,
益城町,https://www.town.mashiki.lg.jp/,2024/11/20
甲佐町,https://www.town.kosa.lg.jp/,
山都町,https://www.town.kumamoto-yamato.lg.jp/,2018/4/1
氷川町,https://www.town.hikawa.kumamoto.jp/,2021/3/31
芦北町,https://www.town.ashikita.lg.jp/,2023/4/1
津奈木町,https://www.town.tsunagi.lg.jp/,
錦町,https://www.town.kumamoto-nishiki.lg.jp/,2023/3/1
多良木町,https://www.town.taragi.lg.jp/,2017/3/30
湯前町,https://www.town.yunomae.lg.jp/,
水上村,https://www.vill.mizukami.lg.jp/,2025/4/1
相良村,https://www.vill.sagara.lg.jp/,
五木村,https://www.vill.itsuki.lg.jp/,
山江村,https://www.vill.yamae.lg.jp/,
球磨村,https://www.kumamura.com/,2025//4/1
あさぎり町,https://www.town.asagiri.lg.jp/,
苓北町,https://reihoku-kumamoto.jp/,2023/3/30
大分県,https://www.pref.oita.jp/,2020/11/24
大分市,https://www.city.oita.oita.jp/,
別府市,https://www.city.beppu.oita.jp/,
中津市,https://www.city-nakatsu.jp/,2020/3/30
日田市,https://www.city.hita.oita.jp/,2026/3/31
佐伯市,https://www.city.saiki.oita.jp/,
臼杵市,https://www.city.usuki.oita.jp/,2014/3/1
津久見市,https://www.city.tsukumi.oita.jp/,2021/3/16
竹田市,https://www.city.taketa.oita.jp/,2021/4/1
豊後高田市,https://www.city.bungotakada.oita.jp/,2023/3/7
杵築市,https://www.city.kitsuki.lg.jp/,2018/8/1
宇佐市,https://www.city.usa.oita.jp/,2020/4/1
豊後大野市,https://www.bungo-ohno.jp/,2025/6/26
由布市,https://www.city.yufu.oita.jp/,2022/2/20
国東市,https://www.city.kunisaki.oita.jp/,2021/12/1
姫島村,https://www.himeshima.jp/,2020/10/21
日出町,https://www.town.hiji.lg.jp/,2022/3/31
九重町,https://www.town.kokonoe.oita.jp/,2025/10/23
玖珠町,https://www.town.kusu.oita.jp/,2021/4/1
宮崎県,https://www.pref.miyazaki.lg.jp/,2022/3/3
宮崎市,https://www.city.miyazaki.miyazaki.jp/,2025/3/1
都城市,https://www.city.miyakonojo.miyazaki.jp/,2020/3/23
延岡市,https://www.city.nobeoka.miyazaki.jp/,2021/12/2
日南市,https://www.city.nichinan.lg.jp/,2023/12/1
小林市,https://www.city.kobayashi.lg.jp/,2022/2/20
日向市,https://www.hyugacity.jp/,
串間市,https://www.city.kushima.lg.jp/,
西都市,https://www.city.saito.lg.jp/,
えびの市,https://www.city.ebino.lg.jp/,2022/2/28
三股町,https://www.town.mimata.lg.jp/,2019/9/2
高原町,https://www.town.takaharu.lg.jp/,2019/4/1
国富町,https://www.town.kunitomi.miyazaki.jp/,
綾町,https://www.town.aya.miyazaki.jp/,2019/3/13
高鍋町,https://www.town.takanabe.lg.jp/,2021/11/30
新富町,https://www.town.shintomi.lg.jp/,2026/4/1
西米良村,https://www.vill.nishimera.lg.jp/,
木城町,https://www.town.kijo.lg.jp/,2023/3/30
川南町,https://www.town.kawaminami.miyazaki.jp/,2021/3/30
都農町,https://www.town.tsuno.lg.jp/,2021/4/1
門川町,https://www.town.kadogawa.lg.jp/,
諸塚村,https://www.vill.morotsuka.miyazaki.jp/,2025/5/30
椎葉村,https://www.vill.shiiba.miyazaki.jp/,2014/1/15
美郷町,https://www.town.miyazaki-misato.lg.jp/,2021/3/22
高千穂町,https://www.town-takachiho.jp/,2019/4/1
日之影町,https://www.town.hinokage.lg.jp/,2015/4/1
五ヶ瀬町,https://www.town.gokase.miyazaki.jp/,2018/3/15
鹿児島県,https://www.pref.kagoshima.jp/,
鹿児島市,https://www.city.kagoshima.lg.jp/,2022/10/7
鹿屋市,https://www.city.kanoya.lg.jp/,2020/4/1
枕崎市,https://www.city.makurazaki.lg.jp/,2017/3/30
阿久根市,https://www.city.akune.lg.jp/,2017/11/1
出水市,https://www.city.kagoshima-izumi.lg.jp/,
指宿市,https://www.city.ibusuki.lg.jp/,
西之表市,https://www.city.nishinoomote.lg.jp/,2016/12/20
垂水市,https://www.city.tarumizu.lg.jp/,2023/3/1
薩摩川内市,https://www.city.satsumasendai.lg.jp/,2023/3/27
日置市,https://www.city.hioki.kagoshima.jp/,2017/3/1
曽於市,https://www.city.soo.kagoshima.jp/,2023/12/1
霧島市,https://www.city-kirishima.jp/,
いちき串木野市,https://www.city.ichikikushikino.lg.jp/,2015/1/31
南さつま市,https://www.city.minamisatsuma.lg.jp/,2022/3/28
志布志市,https://www.city.shibushi.lg.jp/,2022/3/17
奄美市,https://www.city.amami.lg.jp/,2013/4/1
南九州市,https://www.city.minamikyushu.lg.jp/,2023/12/1
伊佐市,https://www.city.isa.kagoshima.jp/,2019/3/1
姶良市,https://www.city.aira.lg.jp/,2014/2/1
三島村,https://mishimamura.com/,
十島村,https://www.tokara.jp/,
さつま町,https://www.satsuma-net.jp/,2023/3/23
長島町,https://www.town.nagashima.lg.jp/,
湧水町,https://www.town.yusui.kagoshima.jp/,2018/3/27
大崎町,https://www.town.kagoshima-osaki.lg.jp/,2017/4/1
東串良町,https://www.higashikushira.com/,2024/2/21
錦江町,https://www.town.kinko.lg.jp/,2022/3/7
南大隅町,https://www.town.minamiosumi.lg.jp/,
肝付町,https://kimotsuki-town.jp/,2023/12/27
中種子町,https://town.nakatane.kagoshima.jp/,2018/2/26
南種子町,http://www.town.minamitane.kagoshima.jp/,
屋久島町,https://www.town.yakushima.kagoshima.jp/,2026/3/10
大和村,https://www.vill.yamato.lg.jp/,2018/3/1
宇検村,https://www.uken.net/,
瀬戸内町,https://www.town.setouchi.lg.jp/,
龍郷町,https://www.town.tatsugo.lg.jp/,2019/2/5
喜界町,https://www.town.kikai.lg.jp/,2018/3/29
徳之島町,https://www.tokunoshima-town.org/,
天城町,https://www.town.amagi.lg.jp/,2019/4/3
伊仙町,https://www.town.isen.kagoshima.jp/,
和泊町,https://www.town.wadomari.lg.jp/,
知名町,https://www.town.china.lg.jp/,2026/3/2
与論町,https://www.yoron.jp/,
沖縄県,https://www.pref.okinawa.lg.jp/,2024/2/1
那覇市,https://www.city.naha.okinawa.jp/,2026/1/22
宜野湾市,https://www.city.ginowan.lg.jp/,2020/6/30
石垣市,https://www.city.ishigaki.okinawa.jp/,2020/3/26
浦添市,https://www.city.urasoe.lg.jp/,2024/6/20
名護市,https://www.city.nago.okinawa.jp/,2018/8/1
糸満市,https://www.city.itoman.lg.jp/,2023/3/23
沖縄市,https://www.city.okinawa.okinawa.jp/,2022/3/25
豊見城市,https://www.city.tomigusuku.lg.jp/,2023/2/1
うるま市,https://www.city.uruma.lg.jp/,2023/12/22
宮古島市,https://www.city.miyakojima.lg.jp/,2024/5/7
南城市,https://www.city.nanjo.okinawa.jp/,
国頭村,https://www.vill.kunigami.okinawa.jp/,
大宜味村,https://www.vill.ogimi.okinawa.jp/,2023/4/1
東村,https://www.vill.higashi.okinawa.jp/,2022/4/14
今帰仁村,https://www.nakijin.jp/,2019/4/1
本部町,https://www.town.motobu.okinawa.jp/,2024/5/8
恩納村,https://www.vill.onna.okinawa.jp/,2017/4/1
宜野座村,https://www.vill.ginoza.okinawa.jp/,2025/4/1
金武町,https://www.town.kin.okinawa.jp/,2022/4/1
伊江村,https://www.iejima.org/,2015/4/1
読谷村,https://www.vill.yomitan.okinawa.jp/,2023/4/1
嘉手納町,https://www.town.kadena.okinawa.jp/,
北谷町,https://www.chatan.jp/,2016/12/1
北中城村,https://www.vill.kitanakagusuku.lg.jp/,2018/9/1
中城村,https://www.vill.nakagusuku.okinawa.jp/,2013/3/1
西原町,https://www.town.nishihara.okinawa.jp/,2025/3/24
与那原町,https://www.town.yonabaru.okinawa.jp/,2023/3/29
南風原町,https://www.town.haebaru.lg.jp/,2025/3/26
渡嘉敷村,https://www.vill.tokashiki.okinawa.jp/,2024/3/26
座間味村,https://www.vill.zamami.okinawa.jp/,2026/3/31
粟国村,https://www.vill.aguni.okinawa.jp/,2021/4/1
渡名喜村,http://www.vill.tonaki.okinawa.jp/,2015/4/1
南大東村,https://www.vill.minamidaito.okinawa.jp/,2026/2/12
北大東村,https://vill.kitadaito.okinawa.jp/,2022/3/16
伊平屋村,https://www.vill.iheya.okinawa.jp/,2023/3/30
伊是名村,https://vill.izena.okinawa.jp/,2020/4/1
久米島町,https://www.town.kumejima.okinawa.jp/,2017/7/1
八重瀬町,https://www.town.yaese.lg.jp/,2020/7/30
多良間村,https://www.vill.tarama.okinawa.jp/,2021/3/31
竹富町,https://www.town.taketomi.lg.jp/,2017/4/1
与那国町,https://www.town.yonaguni.okinawa.jp/,2018/6/20